domain,horizon,fold,variant,mse,mae,rmse,fallback,selected_path,improvement_vs_fallback_pct,delta,ci_low,ci_high,matched_delta,matched_ci_low,matched_ci_high,matched_control_alpha,circular_p_value,alpha,decision_mse,p_value,segment_wins,eligible,test_windows,calibration_windows,decision_windows,block_length,power_nonoverlapping_blocks,approx_mde,approx_mde_pct,bootstrap_seed
Agriculture,12,1,semantic_residual,0.1922990431534963,0.3596261904232453,0.4385191479895676,AR-Ridge,frequency_residual,15.783116642350905,0.0360388333941882,0.0230995157628287,0.0875443513350947,0.0212600656516236,0.0123523421197487,0.0547916633753073,1.0,0.149,100.0,0.1560163155108845,0.044,True,False,42,43,95,12,7,0.0976113756743213,49.02173109434363,9120
Agriculture,12,1,frequency_residual,0.1074424180670269,0.2612258884935104,0.3277841028284118,AR-Ridge,frequency_residual,52.94586264377854,0.1208954584806576,0.0849379939592714,0.216503348474937,0.0016336281470729,-0.0005886336028194,0.0037490030681351,10000.0,0.06,10000.0,0.1674406472331147,0.021,True,True,42,43,95,12,7,0.0040951410355603,2.422816581479676,9121
Agriculture,12,2,semantic_residual,0.0407939892153519,0.161450403263747,0.2019752193100725,Last,numeric_fallback,-32.54857856925908,-0.0100173564851591,-0.0152573707734904,-0.0035994994577439,0.0008681029795827,-4.557524924875997e-05,0.0018505743856893,1000.0,0.483,1000.0,0.1203908018812096,0.471,False,False,42,42,95,12,7,0.0022220661635538,1.818256626832331,9220
Agriculture,12,2,frequency_residual,0.0522166516645515,0.1865944413750667,0.2285096314481111,Last,numeric_fallback,-69.6633030725466,-0.0214400189343587,-0.0281146179305397,-0.0113620754785553,-0.0039663030958245,-0.0049603624781786,-5.204041466175982e-05,1000.0,0.389,1000.0,0.1096491244252451,0.472,False,False,42,42,95,12,7,0.0195956288187651,16.711462573082535,9221
Agriculture,12,3,semantic_residual,0.652058680356663,0.6364168465696363,0.8075015048634046,PatchTST,numeric_fallback,-22.78238591320349,-0.1209900946577241,-0.1619788600267639,-0.0593903119351839,-0.0852105885909757,-0.1403939101530329,-0.0353063184263451,100.0,0.143,100.0,0.0682338867747606,0.267,True,False,43,42,95,12,7,0.0076813623509498,10.957746529740684,9320
Agriculture,12,3,frequency_residual,0.5112606190838983,0.5343359052057559,0.7150249080164259,PatchTST,numeric_fallback,3.729832106143383,0.0198079666150405,0.0115277688059841,0.0504954231859157,-0.0048559795107278,-0.027344423852065,0.004315655657097,1000.0,0.313,1000.0,0.0564234873007287,0.291,True,False,43,42,95,12,7,0.0045327132414505,8.051430743266671,9321
Agriculture,1,1,semantic_residual,0.0318783830355093,0.1461563943951977,0.1785451848566894,PatchTST,numeric_fallback,18.75617550370511,0.0073595322560869,0.0032541469185382,0.0118764238346358,-0.0002062418825932,-0.0011071782164161,0.0004532990160174,100.0,0.019,100.0,0.0404731251269642,0.067,True,False,53,54,106,12,8,0.0021792356769971,5.265448614801604,9010
Agriculture,1,1,frequency_residual,0.0302707694287696,0.1383914775746413,0.1739849689736722,PatchTST,numeric_fallback,22.853267805354538,0.0089671458628266,0.0046089063673414,0.0153323955733174,-2.6645870039664062e-05,-0.0001358986098972,0.0001352652668228,10000.0,0.376,10000.0,0.0406734596632341,0.394,True,False,53,54,106,12,8,0.0003008407108363,0.7396591488798242,9011
Agriculture,1,2,semantic_residual,0.0155349596689061,0.092958300538172,0.1246393183105,Last,numeric_fallback,-0.0955306311334114,-1.482648118697398e-05,-0.0001279067948975,6.689852148446199e-05,-1.6142867971368375e-05,-4.441158905055517e-05,2.1570696500438523e-05,1000.0,0.197,1000.0,0.0309897744659611,0.306,False,False,53,53,106,12,8,0.0002607146484797,0.8355963316171697,9110
Agriculture,1,2,frequency_residual,0.0156345225404967,0.0929558068689817,0.1250380843603132,Last,numeric_fallback,-0.7370384737944269,-0.0001143893527776,-0.0005331599730817,0.0003267606941775,-0.0001566637018541,-0.0005411634964022,0.0003329063284403,1000.0,0.694,1000.0,0.0317756516255593,0.694,False,False,53,53,106,12,8,0.0007809617238513,2.501530332901623,9111
Agriculture,1,3,semantic_residual,0.0589243034866944,0.1959355684659611,0.2427432872124263,PatchTST,numeric_fallback,-60.46885247473719,-0.0222042157076838,-0.0480096193271542,-0.0073797402127434,-0.0200773139285263,-0.0429422947035732,-0.0063831081760188,1.0,0.57,1.0,0.0239231324104365,0.997,False,False,54,53,106,12,8,0.0049453579094985,25.21351950647581,9210
Agriculture,1,3,frequency_residual,0.0379635606238111,0.1567926994406012,0.1948423994509695,PatchTST,numeric_fallback,-3.386355861358714,-0.0012434728448005,-0.0069367570425306,0.0048202746411563,0.0032470206553195,0.0007201243907275,0.0083822644720178,1.0,0.057,100.0,0.0197458224549251,0.618,False,False,54,53,106,12,8,0.0031292069838179,15.27609980563929,9211
Agriculture,3,1,semantic_residual,0.0526695310688502,0.1820869121932045,0.2294984336958538,AR-Ridge,numeric_fallback,22.093854156168213,0.0149368567178462,0.0040913143349386,0.0293113863604533,0.0049937363529682,9.47393285304633e-05,0.0107494525379367,10.0,0.043,100.0,0.0637552070013552,0.089,True,False,51,52,104,12,8,0.0158058576945559,21.64710541248374,9030
Agriculture,3,1,frequency_residual,0.0445109036192266,0.1667119130088457,0.2109760735705039,AR-Ridge,numeric_fallback,34.16168933672047,0.0230954841674697,0.0099394799463853,0.0434551776070857,-2.0172427816614243e-05,-0.0003351811903362,0.0002967256701245,10000.0,0.172,10000.0,0.0638037949726766,0.088,True,False,51,52,104,12,8,0.0010485616283282,1.6390093372376502,9031
Agriculture,3,2,semantic_residual,0.0194022324244613,0.1067487642602674,0.1392918964780844,Last,numeric_fallback,-2.8928379319070885,-0.0005454948570696,-0.0011221701843617,-2.634614173214892e-05,7.028046903782591e-05,-0.0001060496029513,0.0002593356137734,1000.0,0.178,1000.0,0.0468844261949283,0.153,False,False,51,51,104,12,8,0.0011756274555305,2.440596025297912,9130
Agriculture,3,2,frequency_residual,0.0202321109685571,0.1107809663419023,0.1422396251701935,Last,numeric_fallback,-7.293803587444647,-0.0013753734011654,-0.002660813051117,-0.0001506487705104,-0.0001226789368284,-0.0014182841629035,0.0015377197697408,1000.0,0.788,1000.0,0.0518796889045514,0.86,False,False,51,51,104,12,8,0.0031106623567778,6.490868227227171,9131
Agriculture,3,3,semantic_residual,0.1036200799013579,0.2414024612247815,0.3219007298863392,PatchTST,numeric_fallback,-7.049722292365823,-0.0068238643835269,-0.0239600439149767,0.0062481190817475,-0.0273667430459123,-0.0613178777171216,-0.0100057619280075,10000.0,0.548,100.0,0.0297924859358735,0.812,False,False,52,51,104,12,8,0.0079190364866433,32.03784486657524,9230
Agriculture,3,3,frequency_residual,0.0775331819802418,0.2128122610406942,0.2784478083595593,PatchTST,numeric_fallback,19.90060606660866,0.019263033537589,0.0006813591896534,0.0495652494567182,-0.0008019426110835,-0.001805664566799,0.0001400092915403,10000.0,0.243,10000.0,0.0246622417576991,0.111,True,False,52,51,104,12,8,0.0002209543747874,0.8935366389067394,9231
Agriculture,6,1,semantic_residual,0.089214167993827,0.2403206565024233,0.2986874084956161,AR-Ridge,semantic_residual,23.194220515918676,0.0269413721140855,0.008136888879059,0.0511806268359126,0.0163563106992308,0.0025840472500546,0.031608052228696,1.0,0.023,100.0,0.0934425003971825,0.002,True,True,48,49,101,12,8,0.0460506803338503,37.4980488374274,9060
Agriculture,6,1,frequency_residual,0.0634030845925915,0.2023945444508376,0.2517996914068632,AR-Ridge,semantic_residual,45.41535898013316,0.052752455515321,0.0255006992051011,0.0932274494007574,-6.037455105145496e-05,-0.0006815963062641,0.0003773265055359,10000.0,0.106,10000.0,0.0966642016442768,0.011,True,True,48,49,101,12,8,0.0014337254187771,1.4727826378738516,9061
Agriculture,6,2,semantic_residual,0.0287142993352453,0.1328776409765527,0.1694529413590844,AR-Ridge,numeric_fallback,20.411980721927247,0.0073643712934586,0.000142692671191,0.016397690531581,0.0016007094947381,-0.0010619070447174,0.0041032619695464,100.0,0.212,100.0,0.0743666590934545,0.286,True,False,48,48,101,12,8,0.0081480462639868,9.717394252669358,9160
Agriculture,6,2,frequency_residual,0.0285848587004649,0.1335876253899079,0.1690705731357913,AR-Ridge,numeric_fallback,20.77075401519084,0.007493811928239,-0.001470708576392,0.0196613009261728,0.0003734610171918,-0.0024823732673433,0.0031766114740938,1000.0,0.542,1000.0,0.0723939321813956,0.388,True,False,48,48,101,12,8,0.0070879078817297,10.460293874398989,9161
Agriculture,6,3,semantic_residual,0.2340242006209325,0.3604178042094286,0.4837604785644777,PatchTST,numeric_fallback,-1.7176336258163172,-0.0039518009013068,-0.0418005585183641,0.027981276022106,-0.0141152737333685,-0.0375043917847219,0.0021668695956921,100.0,0.628,100.0,0.0461539858942408,0.998,False,False,49,48,101,12,8,0.0052499639374343,12.00271646690988,9260
Agriculture,6,3,frequency_residual,0.2047837096447686,0.3423905344134333,0.4525303411316954,PatchTST,numeric_fallback,10.99162268297924,0.025288690074857,-0.00386438563406,0.0689053642929085,-0.0019300218482049,-0.0120204185900705,0.0030238005830782,1000.0,0.107,1000.0,0.0362115401514874,0.489,True,False,49,48,101,12,8,0.0036897452972849,9.720561920863062,9261
Climate,12,1,semantic_residual,1.0612185950561035,0.7915652179600189,1.0301546461847868,PatchTST,numeric_fallback,-10.049851184176871,-0.0969114345856431,-0.3287619316147716,0.040625902967555,0.0015018319920136,-0.0045133450659719,0.0080054512202674,10000.0,0.292,10000.0,0.6174708118841749,0.07,False,False,116,117,243,24,10,0.0023825216743214,0.3856436870896792,9120
Climate,12,1,frequency_residual,1.050490446669575,0.7860058108032447,1.0249343621274365,PatchTST,numeric_fallback,-8.93732720568703,-0.0861832861991146,-0.305337032669531,0.0615123358544461,0.0514481646598808,-0.2041913164528449,0.134408884984045,100.0,0.835,10000.0,0.6315910764148979,0.781,False,False,116,117,243,24,10,0.1631054193940763,26.32914555878939,9121
Climate,12,2,semantic_residual,0.5206414560541985,0.5435384310207322,0.7215548877626695,AR-Ridge,numeric_fallback,11.230986559558309,0.0658711522035416,0.0013441754665858,0.1918698073807024,-0.0094494479516038,-0.041056119933188,0.0285405529501566,1000.0,0.429,1000.0,0.7744768610492411,0.069,False,False,116,116,243,24,10,0.0181086015724021,2.3150694778040424,9220
Climate,12,2,frequency_residual,0.4413069605133382,0.4978733140626933,0.6643093861397249,AR-Ridge,numeric_fallback,24.7574639828701,0.145205647744402,0.0331597736394969,0.3831929268774169,0.018840996600765,-0.0799747949237932,0.1150060817758598,10000.0,0.014,10000.0,0.7950635246949451,0.053,False,False,116,116,243,24,10,0.0287734915585678,3.549462893202473,9221
Climate,12,3,semantic_residual,0.3996223497697488,0.4847191184509609,0.632156902809539,AR-Ridge,semantic_residual,1.3144589410252872,0.0053228382299131,-0.0135118100676724,0.0170080402793336,0.0058764741140959,-0.0145471767415358,0.0216399777708603,100.0,0.212,100.0,0.4875399057458708,0.018,True,True,117,116,243,24,10,0.016816011754719,3.369278112665362,9320
Climate,12,3,frequency_residual,0.4215252367009247,0.4863809636181672,0.6492497490957734,AR-Ridge,semantic_residual,-4.094393313614719,-0.0165800487012626,-0.2710969709298311,0.1443267018606039,-0.0450909762337713,-0.3688723088205289,0.1632492054228047,1.0,0.351,1000.0,0.5058656377999974,0.358,True,False,117,116,243,24,10,0.1255915245616086,22.153576210046342,9321
Climate,1,1,semantic_residual,0.0874040163538755,0.2185178221042575,0.2956417026636728,Last,numeric_fallback,0.221437567895455,0.000193974861272,-0.0020022358717578,0.0045440066897774,-2.811503433652838e-05,-0.0001919036724283,0.0001204109219337,10000.0,0.744,10000.0,0.0627716125941134,0.671,True,False,127,128,254,24,10,0.0001268980631599,0.202215407134104,9010
Climate,1,1,frequency_residual,0.0869408977118936,0.2173733914977723,0.2948574192926025,Last,numeric_fallback,0.7501239402169513,0.000657093503254,-0.0014917289539619,0.0046176872465906,0.0004405430293094,-0.0001248431309836,0.0010961673930558,10000.0,0.867,10000.0,0.0635985784364154,0.828,True,False,127,128,254,24,10,0.0007148998232146,1.1391293074218571,9011
Climate,1,2,semantic_residual,0.0476349310622949,0.1635679257646935,0.2182542807421998,Last,numeric_fallback,2.8425660479407644,0.0013936703783314,-0.001691382595661,0.0031827556538906,-1.6556015794047482e-05,-9.12287167516051e-05,7.879148673206386e-05,10000.0,0.846,10000.0,0.0673472034752633,0.81,False,False,127,127,254,24,10,9.89986951949923e-05,0.147115553878467,9110
Climate,1,2,frequency_residual,0.0476239281102352,0.1634672103729728,0.2182290725596276,Last,numeric_fallback,2.8650079527401284,0.0014046733303911,-0.0035172617125982,0.0038735640646754,3.020912562887245e-05,-0.0018689659131443,0.0008497608502505,10000.0,0.352,10000.0,0.0673210457138315,0.416,False,False,127,127,254,24,10,0.0004456680965242,0.66237607383989,9111
Climate,1,3,semantic_residual,0.0358410030575567,0.1407184635752542,0.189317202223033,AR-Ridge,numeric_fallback,-8.835954209144248,-0.002909787157448,-0.0045159702065021,-0.0009345070075781,-0.0004826276397235,-0.00124982552849,0.0007494350437845,1000.0,0.357,1000.0,0.0448369783866631,0.25,True,False,128,127,254,24,10,0.0007716813241025,1.7183269378836787,9210
Climate,1,3,frequency_residual,0.0343473375541685,0.1358799137477987,0.1853303470945018,AR-Ridge,numeric_fallback,-4.300241018598694,-0.0014161216540597,-0.0046040773961817,0.0008344432148061,0.0002078442589405,-0.0048052302001767,0.0037333338973947,1.0,0.684,10000.0,0.0447009833641451,0.339,True,False,128,127,254,24,10,0.0052430113692785,11.111550680822733,9211
Climate,24,1,semantic_residual,1.8042047932064609,1.0767945112232191,1.3432069063277112,PatchTST,numeric_fallback,-3.857124169841231,-0.0670059177051705,-0.5988799553053697,0.2463202337048802,0.0145406280118165,-0.0274440926923453,0.0511072572645953,10000.0,0.02,10000.0,0.9495699516316676,0.001,False,False,104,105,231,24,9,0.0355512286544943,3.7125054946499128,9240
Climate,24,1,frequency_residual,1.8120824331507648,1.0758737447807682,1.3461361124161124,PatchTST,numeric_fallback,-4.310592109257816,-0.0748835576494743,-0.5883741005699579,0.2502800023455384,0.2140320504413572,-0.4821276904331169,0.4232297945535112,10.0,0.473,10000.0,0.9668965786692956,0.607,False,False,104,105,231,24,9,0.5606639909220184,49.68009222782344,9241
Climate,24,2,semantic_residual,1.0839273028626888,0.8003393512509359,1.0411182943655772,AR-Ridge,semantic_residual,8.968848129158735,0.1067939838465129,-0.0732009754247979,0.3406552997713786,0.0805966587014931,-0.0914683953970752,0.2910899460065773,100.0,0.289,1000.0,1.269403779638567,0.002,True,True,104,104,231,24,9,0.1992017645992852,15.216241503907682,9340
Climate,24,2,frequency_residual,0.9892282940075876,0.7274546698215654,0.9945995646528244,AR-Ridge,semantic_residual,16.921927486362552,0.2014929927016142,0.1012167170103568,0.4787733771122184,0.0531352571394428,-0.1376744261599735,0.3159971481444245,10000.0,0.002,10000.0,1.3204239991773714,0.019,False,False,104,104,231,24,9,0.0836619967210562,6.165098442340343,9341
Climate,24,3,semantic_residual,0.659564615750888,0.6311019390931938,0.8121358357755727,AR-Ridge,semantic_residual,2.303801558677143,0.015553378883292,-0.0937855295300706,0.1237834455761951,0.0124144618037431,-0.101335008643461,0.1307978562890843,100.0,0.141,10.0,0.8967982201987452,0.002,True,True,105,104,231,24,9,0.2175090749500396,23.291373030035047,9440
Climate,24,3,frequency_residual,0.6037155030796291,0.5783791942146137,0.7769913146745137,AR-Ridge,semantic_residual,10.576298087453772,0.071402491554551,-0.3447624557115417,0.4317478260861105,-0.0275165414049023,-0.5416897753060427,0.3591796455772246,100.0,0.556,1000.0,1.0244887253147434,0.779,False,False,105,104,231,24,9,0.378641693233629,36.95720285481486,9441
Climate,4,1,semantic_residual,0.3128235645860295,0.4231529242033711,0.5593063244645367,Last,numeric_fallback,0.9035795798309376,0.0028523834044799,-0.0130979207904292,0.0331704161279798,0.0001473184038725,-0.0005432688111933,0.0006988408613163,10000.0,0.668,10000.0,0.2099498224958896,0.849,True,False,124,125,251,24,10,0.0002525155896231,0.1203321852936841,9040
Climate,4,1,frequency_residual,0.3098427543816135,0.420734419313226,0.5566352076374738,Last,numeric_fallback,1.847842271806932,0.0058331936088959,-0.0114685018581673,0.0364136644298293,0.0029931006461312,0.0008851601112417,0.0054265416633538,10000.0,0.927,10000.0,0.2152692316866577,0.975,False,False,124,125,251,24,10,0.0082104247874179,3.912415508577981,9041
Climate,4,2,semantic_residual,0.1341002046830985,0.2759721267372526,0.3661969479434509,Last,numeric_fallback,7.275717802803882,0.010522327306859,-0.0129593099988819,0.0244045678859853,-7.193166794827552e-05,-0.0004727398952655,0.000619546230156,10000.0,0.68,10000.0,0.2481960696275225,0.76,True,False,124,124,251,24,10,0.0008005687793933,0.3227063330632937,9140
Climate,4,2,frequency_residual,0.1332902640037028,0.2739387772354536,0.3650893917983687,Last,numeric_fallback,7.8357554872858115,0.0113322679862547,-0.0269875527540122,0.0330753852438161,0.0008672641085773,-0.0139438952135268,0.0094875679578498,10000.0,0.179,10000.0,0.2469996542484328,0.181,True,False,124,124,251,24,10,0.0048948367065332,1.9755555832612883,9141
Climate,4,3,semantic_residual,0.1412594305033195,0.2791903033554599,0.3758449554049109,AR-Ridge,semantic_residual,-3.012104283848372,-0.0041304673728497,-0.0103475682035942,0.0002049434437482,-0.0012499902116649,-0.0061616534189244,0.0029656166689268,100.0,0.245,1000.0,0.1458390157687101,0.008,True,True,125,124,251,24,10,0.0142621638340099,9.116505097946735,9240
Climate,4,3,frequency_residual,0.1350550335659354,0.2716791046545072,0.3674983449839406,AR-Ridge,semantic_residual,1.5123935288281265,0.0020739295645343,-0.0154991878281217,0.0111874111708219,0.0110342255812874,-0.024596287130415,0.0310981661672775,0.0001,0.366,10000.0,0.1456178234884745,0.052,True,False,125,124,251,24,10,0.0325979841225133,19.28162436320452,9241
Economy,12,1,semantic_residual,0.9787375707316304,0.7931115640599495,0.989311665114503,AR-Ridge,numeric_fallback,-335.4570386365344,-0.7539765762151176,-0.8397600371510526,-0.6505438389638567,-0.2920768314965645,-0.3079463601611463,-0.2653889889281983,100.0,0.001,1000.0,1.7721601342056537,0.874,True,False,34,34,78,12,6,0.0964632809238058,5.593425535946715,9120
Economy,12,1,frequency_residual,1.03550004586947,0.8183051461615728,1.0175952269293866,AR-Ridge,numeric_fallback,-360.7116319701963,-0.8107390513529572,-0.8809799508348275,-0.7102117509830103,-0.0614373618600851,-0.0846358978232822,-0.0216832829001608,1000.0,0.231,10000.0,1.8631474203902851,0.349,True,False,34,34,78,12,6,0.0803308404125181,4.526711153540826,9121
Economy,12,2,semantic_residual,0.4997181076460904,0.597452085540835,0.7069074250890921,PatchTST,numeric_fallback,-161.5851457429772,-0.3086835188024667,-0.5519640345410743,-0.2429032474638428,-0.0140251749398179,-0.309095360947799,0.1391417837442752,10000.0,0.001,0.1,0.2118808758387569,0.003,False,False,34,34,78,12,6,0.1760763935508682,47.14902815025675,9220
Economy,12,2,frequency_residual,0.4911767734947368,0.5643367802243731,0.7008400484381132,PatchTST,numeric_fallback,-157.11405273146747,-0.3001421846511131,-0.4079175029405968,-0.211039184678132,-0.247485667433906,-0.4164292872500574,-0.1219184102814397,0.0001,0.725,10000.0,0.3741740495758234,0.398,False,False,34,34,78,12,6,0.4123750881160929,66.30639094118312,9221
Economy,12,3,semantic_residual,0.3325357645441326,0.4597272745223916,0.5766591406924307,AR-Ridge,numeric_fallback,10.07071009368351,0.0372389383258117,-0.0684665076149784,0.1595061566926054,-0.0138366402373574,-0.0591339032319032,0.0534410559921699,100.0,0.103,100.0,0.1610741023324742,0.057,False,False,34,33,79,12,6,0.0044711548048758,2.764996441291618,9320
Economy,12,3,frequency_residual,0.2975753319989592,0.4297106151114233,0.545504658090982,AR-Ridge,numeric_fallback,19.52523261072805,0.0721993708709851,-0.0475761348275395,0.2300416921057917,0.0227688272609037,-0.0203574049158716,0.1066267654392866,10.0,0.215,100.0,0.2010516808925772,0.055,False,False,34,33,79,12,6,0.0597791634404187,31.222802819817257,9321
Economy,1,1,semantic_residual,0.3919706605360536,0.509607534357551,0.6260756028915786,PatchTST,numeric_fallback,-72.58787908227629,-0.1648569937940265,-0.2319662955927582,-0.0077793990170979,0.0078882893216555,-0.010850434062341,0.0123210570818122,10.0,0.108,10.0,0.3755035936878535,0.106,False,False,45,45,89,12,7,0.0781622546303521,20.51096135292908,9010
Economy,1,1,frequency_residual,0.6834124441857282,0.6159387086396113,0.8266876339862163,PatchTST,numeric_fallback,-200.9120736719028,-0.4562987774437013,-0.7124411144090644,-0.1513060663555613,-0.2608521700596808,-0.4540551993568411,-0.1007989428104954,10.0,0.25,100.0,0.8528332467648596,0.995,False,False,45,45,89,12,7,0.4134675763752999,107.4159818543532,9011
Economy,1,2,semantic_residual,0.2000957683459953,0.3785469941705092,0.4473206549512277,AR-Ridge,numeric_fallback,-28.92338977745772,-0.0448905967387388,-0.0624482061358676,-0.0191780919113997,-0.0429023401342721,-0.0586517518918933,-0.0220308822368496,1.0,0.127,10.0,0.1630990373245106,0.956,False,False,45,45,89,12,7,0.057781422912499,45.98405059601672,9110
Economy,1,2,frequency_residual,0.3669745723867405,0.4919590665805152,0.6057842622474939,AR-Ridge,numeric_fallback,-136.44480952951895,-0.211769400779484,-0.2906878018991419,-0.1472947997460715,-0.2124104160308228,-0.2930334477038455,-0.147665459828504,0.0001,0.905,1000.0,0.2505506172530254,0.236,False,False,45,45,89,12,7,0.1691699850819894,121.44489398768312,9111
Economy,1,3,semantic_residual,0.1446814750579464,0.2899522066115488,0.3803701816098975,PatchTST,numeric_fallback,-11.55553693225746,-0.0149869040517535,-0.0457187714206745,0.0081781124317122,-0.0148953708564616,-0.0515745040987819,0.0264518373706654,0.1,0.297,10.0,0.1021489558182306,0.966,False,False,45,44,90,12,7,0.0380110306818546,52.67874286186516,9210
Economy,1,3,frequency_residual,0.1895861000344504,0.3324000469736811,0.4354148596849336,PatchTST,numeric_fallback,-46.178902141861975,-0.0598915290282574,-0.1211006011174136,0.0025607695947244,-0.047909942385072,-0.0872648799446178,-0.007601236670152,10.0,0.439,1000.0,0.1754892304189551,0.352,False,False,45,44,90,12,7,0.0508434349496118,44.35336675722935,9211
Economy,3,1,semantic_residual,0.5802694175946066,0.605141300633964,0.7617541713667255,AR-Ridge,numeric_fallback,-55.00748836145852,-0.2059201369705058,-0.306665215529143,-0.0918087863974694,-0.2427486691948607,-0.3270664544471759,-0.1386352880105254,10.0,0.054,100.0,0.5731127422254637,0.98,True,False,43,43,87,12,7,0.3560415321352971,69.25696066161056,9030
Economy,3,1,frequency_residual,0.907919628437456,0.7025084505367983,0.9528481665183892,AR-Ridge,numeric_fallback,-142.5327562868045,-0.5335703478133552,-0.9222040115060796,-0.3253276376241786,-0.1572697007721145,-0.5138663271138078,0.0104673491845452,1000.0,0.46,100.0,0.8831033092179637,1.0,True,False,43,43,87,12,7,0.236817294216911,31.0718187269714,9031
Economy,3,2,semantic_residual,0.1922072228279339,0.3604605005752923,0.4384144418560295,PatchTST,numeric_fallback,-12.370320497027045,-0.0211591898795727,-0.0567991213079845,0.0076476066148643,0.0011053666775279,-0.0287440162366476,0.025942613675774,1.0,0.065,1.0,0.1350807757895915,0.544,False,False,43,43,87,12,7,0.0276043063177229,21.071561918329515,9130
Economy,3,2,frequency_residual,0.423870445923445,0.5392509062206902,0.6510533356979634,PatchTST,numeric_fallback,-147.80784591156913,-0.2528224129750838,-0.33405414678218,-0.153789400845693,-0.2370192397123733,-0.3202209226808173,-0.1301241826230154,0.0001,0.939,1000.0,0.2595402681457844,0.307,False,False,43,43,87,12,7,0.099121861589911,49.21879108367108,9131
Economy,3,3,semantic_residual,0.155441234255284,0.3076242512839798,0.3942603635356768,AR-Ridge,numeric_fallback,-5.827384568092309,-0.0085593710308661,-0.0306439283116058,0.0013345180771379,-0.0029829728275088,-0.0228639707633117,0.0119021665537741,10.0,0.547,10.0,0.0994798768994853,0.51,False,False,43,42,88,12,7,0.0042929712099571,4.374968053915369,9230
Economy,3,3,frequency_residual,0.1917167668301198,0.346428370304163,0.4378547325656304,AR-Ridge,numeric_fallback,-30.524465459155834,-0.0448349036057019,-0.0673262050037266,-0.023162121993366,-0.019365997663658,-0.0335573082888173,0.0006852119826249,100.0,0.89,1000.0,0.2039188662167509,0.446,False,False,43,42,88,12,7,0.0461320975303641,30.55209508417557,9231
Economy,6,1,semantic_residual,0.6851712569377227,0.6591563451112032,0.8277507214963469,AR-Ridge,numeric_fallback,-83.50364963483503,-0.3117883524008448,-0.3947138748381471,-0.2025734467225186,-0.0112021035908284,-0.0411069770804555,0.0315692291960263,100.0,0.499,100.0,0.9182322360936324,0.467,True,False,40,40,84,12,7,0.3522172071483672,38.47762263392882,9060
Economy,6,1,frequency_residual,1.0388120537670589,0.8265791003510277,1.0192212977401225,AR-Ridge,numeric_fallback,-178.21628712635902,-0.665429149230181,-0.7995481469417204,-0.5206407039263086,-0.0690773856035942,-0.0773185893909212,-0.0584477631313958,1000.0,0.281,10000.0,1.3792149934665072,0.493,True,False,40,40,84,12,7,0.0590195460167663,4.7290301861437865,9061
Economy,6,2,semantic_residual,0.3253708154918828,0.4632135328280201,0.5704128465347558,PatchTST,numeric_fallback,-69.00127748361288,-0.1328451610491629,-0.2942796314667237,-0.0275863264073735,-0.1069785188128573,-0.2624625753551557,-0.0098147763686758,0.1,0.001,0.1,0.1401397192455174,0.001,False,False,40,40,84,12,7,0.0733514293779904,42.6845351849592,9160
Economy,6,2,frequency_residual,0.4411060141360499,0.5282644785124464,0.6641581243469434,PatchTST,numeric_fallback,-129.11544719214936,-0.2485803596933299,-0.478606655692888,-0.1388274663857694,-0.2201904261888624,-0.464156218765762,-0.105843559339337,0.0001,0.614,100.0,0.3463913003112103,0.163,False,False,40,40,84,12,7,0.1093260335851143,31.533852577364613,9161
Economy,6,3,semantic_residual,0.223549397477222,0.3773254881751028,0.4728101072071345,PatchTST,numeric_fallback,2.0005826044261155,0.0045635887203046,-0.0263553127728777,0.0245437584022653,-0.0058018709627854,-0.0261999210486296,0.0141336152504934,100.0,0.547,100.0,0.1682858640379094,0.842,False,False,40,39,85,12,7,0.0066116773193687,3.997227855915501,9260
Economy,6,3,frequency_residual,0.2241359734186,0.3763304236392469,0.4734300089966837,PatchTST,numeric_fallback,1.7434398826741804,0.0039770127789267,-0.0397717375938087,0.0430178185402017,-0.0064318815025666,-0.033394357586902,0.0203434705656324,100.0,0.404,100.0,0.2504418540249576,0.519,False,False,40,39,85,12,7,0.1036854607701765,64.46260381147114,9261
Energy,12,1,semantic_residual,0.3037324942006788,0.4018208461611788,0.5511193103137276,DLinear-M,numeric_fallback,-9.996841801986031,-0.0276041170355856,-0.1666149460158441,0.1597332779460383,-0.0463425233999069,-0.1877985128522769,0.1080494949518991,1.0,0.364,1.0,0.8017951396441632,0.997,False,False,151,152,313,24,13,0.4860929774975238,94.44689802254048,9120
Energy,12,1,frequency_residual,0.4301057968659962,0.468278661207811,0.6558245168229045,DLinear-M,numeric_fallback,-55.76298288561708,-0.1539774197009031,-0.4830644499211953,0.1890877146271408,-0.204516403684475,-0.503542567138431,0.10461868493983,100.0,0.478,100.0,0.6641026714491259,0.996,True,False,151,152,313,24,13,0.1916058512375399,35.65056395045762,9121
Energy,12,2,semantic_residual,0.0775662566743975,0.1901344981350388,0.2785071932184113,Last,numeric_fallback,3.005852775308804,0.0024037816153478,-0.0010047834756055,0.0088912260201699,5.921336140122592e-05,-0.0016512387586123,0.0037834002776528,10000.0,0.607,10000.0,0.1117218822523303,0.672,False,False,151,151,313,24,13,0.0007750023520748,0.6980101752031529,9220
Energy,12,2,frequency_residual,0.0760776657353341,0.1885890758348774,0.2758218006890212,Last,numeric_fallback,4.867288596647224,0.0038923725544111,0.0011473381093437,0.0091685241102539,0.001153383215802,0.0005084372694186,0.0034013429273698,10000.0,0.531,10000.0,0.1137400901303527,0.503,False,False,151,151,313,24,13,0.0024024507256251,2.1122003513055168,9221
Energy,12,3,semantic_residual,0.1579554801077455,0.2804149570114091,0.3974361333695585,PatchTST,numeric_fallback,36.513369470927735,0.0908456907709222,-0.003733129342239,0.204022158125151,-0.0010931882470116,-0.0255306183528909,0.0228228272999737,1000.0,0.439,10000.0,0.0514271070007949,0.478,True,False,152,151,313,24,13,0.0107999755036057,22.11658980123394,9320
Energy,12,3,frequency_residual,0.1554590662058258,0.2770754962976469,0.394282977321905,PatchTST,numeric_fallback,37.516746542307,0.0933421046728418,-0.0034696323690436,0.204995164973884,0.0014588536916725,-0.0240010406380454,0.0274322232108645,1000.0,0.433,10000.0,0.0515363129077467,0.471,True,False,152,151,313,24,13,0.0124320767327879,25.672434705491447,9321
Energy,1,1,semantic_residual,0.0188138098445485,0.098753833641992,0.1371634420847936,AR-Ridge,numeric_fallback,13.371249305984168,0.0029039336226306,0.0015967234878741,0.0035452372128862,0.0001758034601187,-0.0005765817844191,0.0009401957381084,1.0,0.365,1.0,0.0282326046262608,0.909,False,False,162,163,324,24,13,0.0065985725492521,28.907216517334145,9010
Energy,1,1,frequency_residual,0.0235264793371662,0.1108059326746079,0.1533834389273046,AR-Ridge,numeric_fallback,-8.328378464919695,-0.001808735869987,-0.0050595325373386,0.002543644090475,-0.0047698650113998,-0.0079067938666973,9.472461572364957e-05,1.0,0.764,1000.0,0.0382047770075718,0.943,False,False,162,163,324,24,13,0.0195540017793761,80.08372432877835,9011
Energy,1,2,semantic_residual,0.0023031749059919,0.0370534095891439,0.0479914045011386,PatchTST,numeric_fallback,2.038599497872396,4.792960475044838e-05,-8.110580612621499e-05,0.0002652504471269,-0.0002116338424348,-0.000601245360746,8.193883875435146e-05,0.1,0.58,1.0,0.0077277684194129,0.609,False,False,162,162,324,24,13,0.0032455145728815,78.7112882449055,9110
Energy,1,2,frequency_residual,0.0034891522562672,0.0450308840479007,0.0590690465156438,PatchTST,numeric_fallback,-48.40481315590666,-0.0011380477455249,-0.0018436326627026,-0.000204168329545,-0.0014008750750043,-0.00242476206711,-0.0002431701968641,0.1,0.441,1000.0,0.0050946114485215,0.369,False,False,162,162,324,24,13,0.0017689078470899,42.979627781221794,9111
Energy,1,3,semantic_residual,0.007243732269838,0.0568555529781666,0.0851101184926798,AR-Ridge,numeric_fallback,-22.15036810285176,-0.0013135558959619,-0.0032894545904828,-0.0002004498160759,-0.0013136100091679,-0.0032895930735047,-0.0002004505804639,0.0001,0.143,10.0,0.0028450473255217,0.317,False,False,163,162,324,24,13,0.0005855134090511,26.452974512827577,9210
Energy,1,3,frequency_residual,0.0089728174691031,0.0650595442895091,0.0947249569495977,AR-Ridge,numeric_fallback,-51.30776731414992,-0.003042641095227,-0.0063749096548361,-0.0009341634082498,-0.0030706851724359,-0.006482807890583,-0.0009205751313588,0.0001,0.251,10000.0,0.0030120063663569,0.144,False,False,163,162,324,24,13,0.0008757498721563,39.34364831304725,9211
Energy,24,1,semantic_residual,0.5387055997720532,0.5823421490157478,0.7339656666166703,PatchTST,numeric_fallback,18.24916112414614,0.1202547328431593,-0.2682825042344323,0.666796719615511,-0.0167984197752318,-0.2990441396547348,0.4276977141744963,10.0,0.194,100.0,0.8416501805298333,0.002,False,False,139,140,301,24,12,0.13134085856254,15.26267827088608,9240
Energy,24,1,frequency_residual,1.394296148882102,0.8623102674191911,1.18080317956978,PatchTST,numeric_fallback,-111.59030064049009,-0.7353358162668894,-1.524296261300257,0.4937518198946908,-0.89963748380702,-1.6251086948293283,0.2695495510408411,100.0,0.331,10.0,1.8903742212529864,1.0,False,False,139,140,301,24,12,1.6895179562125175,183.16135476377812,9241
Energy,24,2,semantic_residual,0.1368641081214817,0.2669161798550515,0.3699514942819961,Last,numeric_fallback,6.080507472775631,0.0088608148297459,0.0002296659999394,0.0234361953663857,0.003391554919131,-0.0020229081051109,0.013053555734685,10000.0,0.567,10000.0,0.2867356945530389,0.574,False,False,139,139,301,24,12,0.0009229066002133,0.3226382493589136,9340
Energy,24,2,frequency_residual,0.1329773187598878,0.2641152744517663,0.3646605527883265,Last,numeric_fallback,8.747717228580242,0.0127476041913398,0.0046800188332177,0.0285270674830775,0.005546861394845,0.0024832468799569,0.0137686219737454,10000.0,0.698,10000.0,0.296252516986682,0.761,False,False,139,139,301,24,12,0.0095727051608974,3.2681114054868288,9341
Energy,24,3,semantic_residual,0.3546602621201712,0.4268616213632475,0.595533594451372,SeasonalNaive,numeric_fallback,71.03802367718343,0.8699117704201835,0.5367472971932523,1.3085194102104176,-0.0449885004386801,-0.1426550077080319,0.055145555565743,1000.0,0.091,10.0,0.1175776670488017,0.997,True,False,140,139,301,24,12,0.0583842239920613,61.39629907785954,9440
Energy,24,3,frequency_residual,0.2961678124628523,0.3935315537036117,0.5442130212176591,SeasonalNaive,numeric_fallback,75.81458627236023,0.9284042200775026,0.544388047342991,1.4543695005490824,0.0209311297604813,-0.0743828262717816,0.1407167330698936,1000.0,0.158,100.0,0.1639996610895181,1.0,True,False,140,139,301,24,12,0.1173049011973684,125.33608795428466,9441
Energy,4,1,semantic_residual,0.0927367800304665,0.2236365168947304,0.3045271416975283,AR-Ridge,numeric_fallback,-4.686727969044235,-0.0041517398543243,-0.0167730166326622,0.0062755362688194,-0.0069349394895977,-0.0197717818655891,0.0035145952268518,10.0,0.8,10.0,0.2113868567086507,0.983,False,False,159,160,321,24,13,0.0430692590246368,26.90328531645977,9040
Energy,4,1,frequency_residual,0.0931395364318592,0.2201712186782482,0.3051877068819438,AR-Ridge,numeric_fallback,-5.141383067232241,-0.004554496255717,-0.0267183283064719,0.0189475316842575,-0.0115200312588553,-0.0356826484092152,0.0124827014038624,100.0,0.898,1000.0,0.1877636389724862,0.568,False,False,159,160,321,24,13,0.0231169639739302,12.891965458814552,9041
Energy,4,2,semantic_residual,0.0188814793589475,0.0968965979801113,0.137409895418589,PatchTST,numeric_fallback,-21.28930780973444,-0.0033141719846101,-0.0087607939731448,0.0007920571578824,-0.0044143023198015,-0.0114384851070927,0.0005844865378944,0.0001,0.686,10000.0,0.0252641634491001,0.381,False,False,159,159,321,24,13,0.0065293083915649,24.449357174346503,9140
Energy,4,2,frequency_residual,0.0186856184681926,0.0961709026256213,0.1366953491095898,PatchTST,numeric_fallback,-20.03115258709261,-0.0031183110938552,-0.0087660328685492,0.0010965241758454,-0.0041135400986999,-0.0111070494909582,0.0007654375239705,0.0001,0.459,10000.0,0.0251974691717285,0.101,False,False,159,159,321,24,13,0.0059534652449423,20.325280882562588,9141
Energy,4,3,semantic_residual,0.0435283559625373,0.1402601793970939,0.2086345032887354,AR-Ridge,numeric_fallback,-25.622196788023626,-0.0088781451912772,-0.0210760445233377,-0.0005862742434883,-0.0088781685993616,-0.0210762337140578,-0.0005862267313707,0.0001,0.522,10000.0,0.0141442812876782,0.413,False,False,160,159,321,24,13,0.0044325825892155,36.08348886874648,9240
Energy,4,3,frequency_residual,0.0434825704943509,0.1402803235438439,0.208524747918205,AR-Ridge,numeric_fallback,-25.49006059846719,-0.0088323597230908,-0.0207621883196482,-0.0005998002004523,-0.009078804494042,-0.0211767578349953,-0.0009084206860427,0.1,0.153,10000.0,0.0139235395942371,0.112,False,False,160,159,321,24,13,0.0037595991558651,30.00548308355865,9241
Environment,14,1,semantic_residual,0.279918086059187,0.3894174102476695,0.5290728551524705,DLinear-M,numeric_fallback,3.135990887431861,0.0090624017646104,0.0049081516163422,0.0138097888360438,0.0101751634457805,0.0057919278907681,0.0150048214865853,100.0,0.077,10.0,0.4777305083809144,0.001,False,False,1585,1585,3183,14,227,0.0085922325253948,1.783780060586106,9140
Environment,14,1,frequency_residual,0.2864626679476818,0.3955282018784418,0.5352220734869609,DLinear-M,numeric_fallback,0.8712767754931794,0.0025178198761156,-0.00430487593264,0.01002203862695,0.0030844389813714,-0.0035846852126809,0.0110849946772997,100.0,0.097,1000.0,0.4942439658466543,0.286,False,False,1585,1585,3183,14,227,0.0086123950225562,1.7652087677494257,9141
Environment,14,2,semantic_residual,0.2567856455764508,0.3850551810040385,0.5067402150771644,DLinear-M,numeric_fallback,1.6827951189802737,0.0043951374687999,0.000144926935983,0.0086640941289652,0.0052126646392264,0.0013693377576055,0.0093912432245833,100.0,0.187,100.0,0.3625212477914443,0.004,False,False,1585,1585,3183,14,227,0.0053331400650248,1.459735430506855,9240
Environment,14,2,frequency_residual,0.2651220722880141,0.3844639260442964,0.5149000604855413,DLinear-M,numeric_fallback,-1.5090272709996857,-0.0039412892427633,-0.0131915137471087,0.0046972568272943,-0.0049123247992718,-0.0125346213383997,0.0027251019345511,100.0,0.1,100.0,0.3787688760843899,0.999,False,False,1585,1585,3183,14,227,0.0127044417894406,3.473828424397001,9241
Environment,14,3,semantic_residual,0.2420279020739245,0.3617007954013467,0.4919633137480116,PatchTST,numeric_fallback,-1.2890652718237083,-0.0030801919490379,-0.0093292707641759,0.0045081552737754,0.001806122946328,-0.0022692660418602,0.0062038507622571,10.0,0.011,100.0,0.2812073990694748,0.001,False,False,1585,1585,3183,14,227,0.0048360699479416,1.6674830826285938,9340
Environment,14,3,frequency_residual,0.2493942708577338,0.3703638524298727,0.4993939035047722,PatchTST,numeric_fallback,-4.371902424755314,-0.0104465607328472,-0.0183276026882937,0.0001977294368212,-0.0074390636516334,-0.0131394428507697,-0.0012573718769172,100.0,0.001,1000.0,0.2885567854605438,0.01,False,False,1585,1585,3183,14,227,0.0082226678427686,2.867036964455784,9341
Environment,1,1,semantic_residual,0.209747027291197,0.3270635979288232,0.4579814704670889,DLinear-M,semantic_residual,1.4563686487941263,0.0030998349719423,-2.1963319416306555e-05,0.0063932247636422,0.0020055124329848,0.0008452114598478,0.0030959325191767,1000.0,0.03,1000.0,0.3495709562191476,0.012,True,True,1598,1598,3196,7,456,0.0009113039380198,0.2600773516512619,9010
Environment,1,1,frequency_residual,0.2103211043061748,0.3290245016291737,0.4586077891904747,DLinear-M,semantic_residual,1.186655011076454,0.0025257579569645,-0.0008960771803972,0.0057597963187432,0.0007832961828007,-0.001330820810596,0.0029637465687526,1000.0,0.163,1000.0,0.3531215185987367,0.355,False,False,1598,1598,3196,7,456,0.0029083752337924,0.8288574814042342,9011
Environment,1,2,semantic_residual,0.1935471776729104,0.3263316096890715,0.4399399705333791,DLinear-M,semantic_residual,-0.0768329669791567,-0.0001485938700314,-0.0028814732432427,0.002848633882138,0.0020350931597257,0.0010538271952808,0.0030444590195613,1000.0,0.001,1000.0,0.2650701109967852,0.001,True,True,1598,1598,3196,7,456,0.0012355361147517,0.4642660264532375,9110
Environment,1,2,frequency_residual,0.1943440139624534,0.3267223791527856,0.4408446596732838,DLinear-M,semantic_residual,-0.4888506115112268,-0.0009454301595744,-0.0037668163193044,0.0018315108899314,0.0007746905072078,-0.0008930643384594,0.0024169659162996,1000.0,0.012,1000.0,0.2663421365707049,0.054,False,False,1598,1598,3196,7,456,0.0029590022762992,1.1141507483754332,9111
Environment,1,3,semantic_residual,0.1701026726422284,0.2949253245722129,0.4124350526352342,DLinear-M,semantic_residual,1.7531494299987571,0.0030353685828484,0.000819462927614,0.0053204136109043,0.0004214839376888,-0.0011540461014183,0.001998615908297,1000.0,0.001,1000.0,0.2099556861672916,0.001,True,True,1598,1598,3196,7,456,0.0011151756016042,0.5259002115425303,9210
Environment,1,3,frequency_residual,0.1703333430819134,0.2956468385408454,0.4127146024578164,DLinear-M,semantic_residual,1.6199202227991871,0.0028046981431633,0.0006574053892072,0.0051102537418831,0.0001432581509329,-0.0018693820693318,0.0022512202185817,1000.0,0.001,1000.0,0.2108873639020655,0.002,False,False,1598,1598,3196,7,456,0.0023025567663164,1.09086822234754,9211
Environment,28,1,semantic_residual,0.2935908158158712,0.4055201100015828,0.5418402124389359,PatchTST,numeric_fallback,2.864255203665922,0.008657153179937,-0.0046418096680746,0.0232672299956368,0.0181613847938198,0.0107378196927763,0.025663877994452,100.0,0.069,10.0,0.5018513982551174,0.001,False,False,1571,1571,3169,28,113,0.01527945686695,2.9891327143304407,9280
Environment,28,1,frequency_residual,0.304152552464779,0.4161636511560352,0.5515002742200398,PatchTST,numeric_fallback,-0.6301393770481445,-0.0019045834689708,-0.0152178365695133,0.0142738626264369,0.00755265859589,-0.0038719500528137,0.0216395103663623,100.0,0.13,1000.0,0.52784052567329,0.846,False,False,1571,1571,3169,28,113,0.0156701821903689,3.0277662328389074,9281
Environment,28,2,semantic_residual,0.2694441840333929,0.4020557922778705,0.5190801325743386,PatchTST,numeric_fallback,-3.314602890745255,-0.0086444747044717,-0.0173825732552112,-0.0014371155684134,0.0106776883610255,0.0040887387228093,0.0185000452679011,100.0,0.248,100.0,0.3920208469455712,0.023,False,False,1571,1571,3169,28,113,0.0093091060849096,2.3510886998635674,9380
Environment,28,2,frequency_residual,0.2878214280120706,0.4078825889275244,0.5364899141755329,PatchTST,numeric_fallback,-10.361099999950362,-0.0270217186831494,-0.0467136386765274,-0.0122257385850563,-0.011843689938425,-0.0271973245094799,0.0030610252861503,0.0001,0.15,10.0,0.4247487237462454,1.0,False,False,1571,1571,3169,28,113,0.0229422168937548,5.761890436897352,9381
Environment,28,3,semantic_residual,0.2623692140860565,0.3836807775254029,0.5122198884132249,PatchTST,numeric_fallback,-1.427248887493704,-0.0036919681153167,-0.0209544794865781,0.0156801854555682,0.0029903617164345,-0.0060635581051111,0.0114647631374053,100.0,0.125,10.0,0.3010130031102893,0.001,False,False,1571,1571,3169,28,113,0.0098203650516274,3.1162737221189967,9480
Environment,28,3,frequency_residual,0.2712825621010092,0.3951412732478978,0.5208479260792053,PatchTST,numeric_fallback,-4.872989923394844,-0.0126053161302694,-0.0296274909677397,0.0077545982924786,-0.0089177131920531,-0.0192858123533596,0.0019847098965798,100.0,0.006,1000.0,0.3104189135477121,0.018,False,False,1571,1571,3169,28,113,0.011995690342286,3.8872150611327374,9481
Environment,7,1,semantic_residual,0.2731839094815137,0.3803686659853734,0.5226699814237601,DLinear-M,numeric_fallback,2.510178671474084,0.0070339694300962,0.0030188207220035,0.011061851511236,0.0066562216998247,0.0037255034503221,0.0098569827184278,100.0,0.108,100.0,0.4619234328342547,0.003,False,False,1592,1592,3190,7,455,0.0034235900484042,0.7375742852830701,9070
Environment,7,1,frequency_residual,0.278214362982605,0.3869195900928399,0.5274602951716887,DLinear-M,numeric_fallback,0.7149850454892026,0.0020035159290049,-0.0032853051069545,0.0076035204865267,0.0012157232794445,-0.0039248058272292,0.0067023472976727,100.0,0.151,1000.0,0.4777688444141603,0.582,False,False,1592,1592,3190,7,455,0.0070827769812,1.5061723575214885,9071
Environment,7,2,semantic_residual,0.2484206086541176,0.376381776298599,0.498418106266333,DLinear-M,numeric_fallback,0.3526915956826415,0.0008792596836752,-0.0032793010636492,0.0051999477010658,0.0019286234443123,-0.0020930916082277,0.0060597134287697,100.0,0.125,10.0,0.347641229659344,0.004,False,False,1592,1592,3190,7,455,0.0053795137459198,1.5352434809836195,9170
Environment,7,2,frequency_residual,0.2533619226504824,0.3745109093562483,0.5033506954902143,DLinear-M,numeric_fallback,-1.6293848607996653,-0.0040620543126896,-0.0105069660552771,0.0022446509384079,-0.0041903955262642,-0.0096620667319126,0.0011411488636537,100.0,0.01,100.0,0.3569403321120977,0.582,False,False,1592,1592,3190,7,455,0.008983679736267,2.558953663765209,9171
Environment,7,3,semantic_residual,0.2288628014354661,0.3479017961385625,0.4783960717182637,DLinear-M,semantic_residual,3.263340584816843,0.0077205195299726,0.0041927315106,0.0112830410520036,0.0023566646820869,-0.0006094391655678,0.005346343974586,100.0,0.003,100.0,0.2705209576029813,0.001,True,True,1592,1592,3190,7,455,0.0036059744030432,1.3002923012678869,9270
Environment,7,3,frequency_residual,0.2342322452031836,0.3542600154518009,0.4839754592984893,DLinear-M,semantic_residual,0.9937622621328356,0.0023510757622551,-0.0025693704781746,0.0074193044938282,-0.0035494438045892,-0.0079042259995901,0.0012458304553067,100.0,0.001,1000.0,0.277095151255893,0.013,False,False,1592,1592,3190,7,455,0.0060584313799435,2.199283684075299,9271
Health_AFR,12,1,semantic_residual,0.0020408391333886,0.0351326689140341,0.0451756475702192,DLinear-M,numeric_fallback,28.232761947446573,0.0008028527638725,-0.0003688979796038,0.0017739594872645,0.0005777775880606,-0.0004012199362387,0.001340984882525,1000.0,0.257,10000.0,0.0026594735903412,0.004,False,False,135,135,280,24,11,0.0011381156245407,24.68847158345625,9120
Health_AFR,12,1,frequency_residual,0.0058380956302109,0.0596420052680226,0.0764074317734275,DLinear-M,numeric_fallback,-105.29986514480048,-0.0029944037329497,-0.0045019511885403,-0.0022152886933679,-0.0039931261517014,-0.0051125975352971,-0.0029706764768568,10000.0,0.711,10000.0,0.0679085235724665,0.904,False,False,135,135,280,24,11,0.0554892271012081,2003.9809679157092,9121
Health_AFR,12,2,semantic_residual,0.0034707347554457,0.0450809443932328,0.0589129421727157,PatchTST,numeric_fallback,24.80818279836025,0.0011451062823341,-0.000835817696857,0.0047663408725349,0.0005604739588202,0.00014197448933,0.0009212231450209,10000.0,0.547,10000.0,0.002510166698335,0.427,False,False,135,134,281,24,11,0.0001910661853369,7.660284040636467,9220
Health_AFR,12,2,frequency_residual,0.0141349807583495,0.0974251518142836,0.1188906251911797,PatchTST,numeric_fallback,-206.22763311511417,-0.0095191397205696,-0.0146496610364255,-0.0047694979399898,-0.0102296721137553,-0.0139709348737523,-0.0085994385461829,10000.0,0.55,10000.0,0.0282597850609744,0.625,False,False,135,134,281,24,11,0.0210607683280348,851.8645690724754,9221
Health_AFR,12,3,semantic_residual,0.0023343610021316,0.033331242130203,0.0483152253656303,PatchTST,numeric_fallback,-9.779945700459455,-0.0002079607864665,-0.0008085987393267,0.0004949713764486,-0.0002578884548012,-0.0006179153575148,0.0005493744622998,10000.0,0.111,10000.0,0.0036787723001302,0.068,True,False,135,135,281,24,11,0.0008728139122354,23.2452333335631,9320
Health_AFR,12,3,frequency_residual,0.0175180836911771,0.0919650592074232,0.1323558978329911,PatchTST,numeric_fallback,-723.8375618155917,-0.015391683475512,-0.0197797941986792,-0.003085794491284,-0.0157783021508138,-0.0199791089919944,-0.002917640982902,10000.0,0.213,10000.0,0.0155157773400252,0.093,False,False,135,135,281,24,11,0.0054977967597453,150.46445046879035,9321
Health_AFR,1,1,semantic_residual,0.0020698920930412,0.0343659392936077,0.0454960667864955,PatchTST,numeric_fallback,-74.29236242688549,-0.0008822943898375,-0.0014562839231912,0.0004541745875475,-0.0009817685743864,-0.0014044044494918,-8.441280458768724e-05,0.0001,0.985,1000.0,0.0014989710020579,0.353,False,False,146,146,291,24,12,0.0002129572747042,11.552966211061308,9010
Health_AFR,1,1,frequency_residual,0.0011390937546726,0.0273885756534517,0.0337504630290109,PatchTST,numeric_fallback,4.0842070004244775,4.85039485311284e-05,-0.0002482738474233,0.0005800758326852,-0.0003270999472049,-0.0004219821756395,-0.0001632648187658,10000.0,0.344,10000.0,0.0025095929496695,0.005,False,False,146,146,291,24,12,0.0012071057329875,132.7585868777086,9011
Health_AFR,1,2,semantic_residual,0.0009317383524766,0.0227469158261881,0.0305243894693521,Last,numeric_fallback,-12.272495333488376,-0.0001018482269307,-0.000192999550657,-5.8314196559708925e-06,-3.931944418090539e-05,-0.0001668359085196,4.3571306052703024e-05,10000.0,0.938,10000.0,0.0010757792195046,0.669,False,False,146,145,292,24,12,3.393500601499776e-05,3.205424700992449,9110
Health_AFR,1,2,frequency_residual,0.0023895193319245,0.0378041111087143,0.0488827099486573,Last,numeric_fallback,-187.93201152411564,-0.0015596292063785,-0.0031529671602711,-0.0006563435965544,-0.0015645532037316,-0.003165429958958,-0.0006539572609473,10000.0,0.683,10000.0,0.0036274841682253,0.035,False,False,146,145,292,24,12,0.001714190453736,158.2102792385926,9111
Health_AFR,1,3,semantic_residual,0.0004009217397365,0.0152636259418058,0.0200230302336234,PatchTST,numeric_fallback,51.26617387260125,0.0004217547697755,-5.035623578905101e-05,0.0010334022436238,-1.847825794567047e-06,-3.101534243747e-05,5.6642808896282005e-05,10000.0,0.939,10000.0,0.0011769230046991,0.68,True,False,146,146,292,24,12,0.000105361007316,9.243652659236057,9210
Health_AFR,1,3,frequency_residual,0.0006627996088471,0.0209276855266941,0.0257448948113444,PatchTST,numeric_fallback,19.433750546706957,0.0001598769006649,-0.0002949261297466,0.001008564030487,-0.0002180127632372,-0.0002037967264502,5.408853892319637e-06,10000.0,0.679,10000.0,0.0044514470067929,0.189,False,False,146,146,292,24,12,0.0028328053997872,257.9500413927195,9211
Health_AFR,24,1,semantic_residual,0.0073594773528379,0.0632361717240845,0.0857873962353328,DLinear-M,numeric_fallback,-162.54918312915296,-0.004556392130814,-0.0088792975196182,-0.0010860028555907,-0.0041400344311211,-0.0081842135604351,-0.0004338957168813,1000.0,0.948,1000.0,0.0075501616937485,0.962,False,False,123,123,268,24,11,0.0014639237353175,25.735950760317166,9240
Health_AFR,24,1,frequency_residual,0.0080186618864463,0.0696501943984932,0.0895469814479884,DLinear-M,numeric_fallback,-186.0655760104378,-0.0052155766644223,-0.007582868895973,-0.0039387992452598,-0.0051706074216331,-0.0068715693070103,-0.0043880553740649,10000.0,0.816,10000.0,0.1184040437321043,0.975,False,False,123,123,268,24,11,0.0574229771494838,1663.0620315165547,9241
Health_AFR,24,2,semantic_residual,0.0052954568607693,0.0565988545830298,0.0727698897949511,PatchTST,numeric_fallback,13.281469803784208,0.0008110313935719,-0.0016822025699842,0.0047863176327894,0.0010385422948116,7.431640623408317e-05,0.0018752589530546,10000.0,0.575,10000.0,0.0034540689437215,0.662,False,False,123,122,269,24,11,0.0002960143808616,8.681623969510484,9340
Health_AFR,24,2,frequency_residual,0.0292267003630319,0.1326999211262154,0.170958183082975,PatchTST,numeric_fallback,-378.6171551587576,-0.0231202121086907,-0.0331958250791077,-0.0090885984671819,-0.0232061830409386,-0.0327651485474068,-0.0115779670192224,10000.0,0.921,10000.0,0.0991254870432918,1.0,False,False,123,122,269,24,11,0.0731796120804814,2122.517263068976,9341
Health_AFR,24,3,semantic_residual,0.0026422448762505,0.0362331924510968,0.0514027710950542,DLinear-M,numeric_fallback,-70.27275292830248,-0.0010904728922954,-0.0019211748941801,-7.238421197437697e-06,-0.0001644695316829,-0.0004210914902545,0.0005713702942736,10000.0,0.345,10000.0,0.00584936950902,0.224,False,False,123,123,269,24,11,0.0013231885703678,22.62361763760225,9440
Health_AFR,24,3,frequency_residual,0.0206542159453971,0.1072582902476311,0.1437157470335006,DLinear-M,numeric_fallback,-1231.0084315837416,-0.019102443961442,-0.0201441709001573,-0.0078518815186516,-0.0184768341433347,-0.0191452477518218,-0.0076156431258549,10000.0,0.053,10000.0,0.0222892531427185,0.125,False,False,123,123,269,24,11,0.0101578356469847,182.19271063580868,9441
Health_AFR,4,1,semantic_residual,0.0014183879144393,0.0291335721280152,0.0376614911340391,PatchTST,numeric_fallback,12.937634533733856,0.0002107751652025,-0.0002535459085338,0.0011953801654447,0.0002901798345305,-7.083653645263983e-05,0.0008354225541868,1000.0,0.432,10000.0,0.0015746364107579,0.065,False,False,143,143,288,24,12,0.000706068654722,26.56801998352876,9040
Health_AFR,4,1,frequency_residual,0.0027704749817398,0.0412131616743621,0.0526353016685559,PatchTST,numeric_fallback,-70.05510475653914,-0.0011413119020979,-0.0017966003243222,0.0002178334608926,-0.0016109183987947,-0.0022230018452612,-0.0005559147416373,10000.0,0.222,10000.0,0.0075379952287932,0.003,False,False,143,143,288,24,12,0.0040306302509409,250.9263479393801,9041
Health_AFR,4,2,semantic_residual,0.0017312054207819,0.0315433748367058,0.0416077567381605,PatchTST,numeric_fallback,38.31997243577844,0.0010755466011418,-3.466301761601399e-05,0.0031437546095539,0.0001341573812018,-1.7726712858635137e-05,0.0002323841854797,10000.0,0.931,10000.0,0.0015797955665063,0.857,False,False,143,142,289,24,12,0.0001972728607366,13.065006286281989,9140
Health_AFR,4,2,frequency_residual,0.0112792999451324,0.083594831768153,0.1062040486287241,PatchTST,numeric_fallback,-301.8630736534167,-0.0084725479232086,-0.0164293498560747,-0.0034616760195158,-0.0095990905060018,-0.0175392412627556,-0.0055142737811786,10000.0,0.409,10000.0,0.0080505780134323,0.017,False,False,143,142,289,24,12,0.0041371952988787,269.3798589252197,9141
Health_AFR,4,3,semantic_residual,0.00099679018346,0.0231144036841756,0.0315719841546267,PatchTST,numeric_fallback,35.662820510799605,0.0005525319835574,-0.0002784085580462,0.0016947188958778,1.7904746440922673e-05,-7.674115750229985e-05,0.0002448314428252,10000.0,0.807,10000.0,0.0020051036060948,0.572,True,False,143,143,289,24,12,0.0004731109733665,24.102370618921668,9240
Health_AFR,4,3,frequency_residual,0.0066580315849213,0.0569157127867389,0.0815967620982679,PatchTST,numeric_fallback,-329.7383544016805,-0.0051087094179038,-0.010196133497904,0.000144744233214,-0.005796498793199,-0.0102411927285969,-0.0009487021659333,10000.0,0.817,10000.0,0.0166616690721299,0.524,False,False,143,143,289,24,12,0.0099600836052458,533.7205485182351,9241
Health_US,12,1,semantic_residual,0.7126291837284953,0.468613364322419,0.8441736691750669,Last,numeric_fallback,57.1579242982762,0.950757036607747,0.3628897379672332,2.085990131125138,0.0172949602243635,-0.0060634081637506,0.0543505019613954,1000.0,0.742,1000.0,0.2747742654439727,0.887,True,False,128,116,253,24,10,0.035192312416982,13.781472223964364,9120
Health_US,12,1,frequency_residual,1.0936979957756088,0.5814720205452306,1.045800170097332,Last,numeric_fallback,34.24870409504024,0.5696882245606334,0.2405849939164045,1.200828236491527,-0.0408167469007747,-0.0755332914841873,-0.0158683596520773,10000.0,0.236,10000.0,0.4054264386836108,0.581,True,False,128,116,253,24,10,0.0484381920286066,12.115682412817076,9121
Health_US,12,2,semantic_residual,0.6949861865052878,0.549115638598562,0.8336583152019104,AR-Ridge,numeric_fallback,10.917103866853628,0.0851705177250477,-0.1191978429120591,0.3619140247076837,0.0851703616429168,-0.1191979365336122,0.3619136806846239,0.0001,0.304,1000.0,0.4277492438826278,0.977,False,False,115,127,254,24,10,0.1038692085313283,28.28454222096653,9220
Health_US,12,2,frequency_residual,0.9550023219942584,0.6756910606725779,0.9772422023194958,AR-Ridge,numeric_fallback,-22.411602286545357,-0.1748456177639228,-0.4043318552498562,0.3954982723733395,0.0928509617779124,-0.0401785998862752,0.5881323311287486,100.0,0.798,1000.0,0.5127842877842367,0.852,False,False,115,127,254,24,10,0.1972491821313286,45.49922691946016,9221
Health_US,12,3,semantic_residual,1.0746917486467218,0.6993249295457877,1.036673405005994,DLinear-M,numeric_fallback,14.424298696171125,0.1811457522708864,-0.4767188777270765,0.7821492203635647,-0.1945251606196091,-0.2732655635577568,-0.1200033523042084,10.0,0.158,1000.0,0.7267567740632391,0.361,True,False,128,115,254,24,10,0.2123012250084325,28.91516934163716,9320
Health_US,12,3,frequency_residual,1.1164344842492515,0.7280837669696171,1.056614633747447,DLinear-M,numeric_fallback,11.10040244589755,0.1394030166683567,-0.8016260248269086,0.8157917101152552,-0.2335385521329445,-0.5108590936061108,-0.0660679199821042,100.0,0.45,1000.0,0.8055639582133364,0.041,True,False,128,115,254,24,10,0.4500740410537054,39.95013804014355,9321
Health_US,1,1,semantic_residual,0.0697496170400581,0.1454383819092332,0.2641015279017866,Last,numeric_fallback,24.50458017501419,0.0226395864397719,0.003257018927049,0.0572555099865203,0.0073934738422343,-0.0023094412113257,0.0238311351027303,10000.0,0.321,1000.0,0.052972628414073,0.084,True,False,139,138,275,24,11,0.0074073535324085,12.698353149982978,9010
Health_US,1,1,frequency_residual,0.0775434195984249,0.1470260414093221,0.2784661911227734,Last,numeric_fallback,16.068743232152883,0.0148457838814051,0.0047797803335308,0.0324147605179097,-0.0003437908694325,-0.0018794018707082,0.0010024829947655,10000.0,0.183,10000.0,0.0579018993171708,0.293,True,False,139,138,275,24,11,0.0013856221651248,2.393444290006681,9011
Health_US,1,2,semantic_residual,0.0981998300466507,0.1844752686835647,0.3133685211482652,AR-Ridge,numeric_fallback,-22.27381004762308,-0.0178884125743368,-0.0527743685590306,0.0111715976086268,-0.0178884819521556,-0.0527744847727931,0.0111715381871178,0.0001,0.161,1000.0,0.0628248113834688,0.802,False,False,137,138,276,24,11,0.0200766853715511,36.49617660667143,9110
Health_US,1,2,frequency_residual,0.1036639184739527,0.2010140982830525,0.3219688159961345,AR-Ridge,numeric_fallback,-29.077435981862987,-0.0233525010016388,-0.0586429377579342,0.011261229150992,-0.0041432364757139,-0.0563935074663984,0.0502143630255378,0.0001,0.022,10000.0,0.0697746020732829,0.433,False,False,137,138,276,24,11,0.0246370076718863,41.906283695312624,9111
Health_US,1,3,semantic_residual,0.0982340158295689,0.2178320724801722,0.3134230620576108,DLinear-M,numeric_fallback,94.3619531156138,1.6441072211972958,0.7288115907189477,2.795535833906332,-0.0303191066605162,-0.0458528462994496,-0.0177811640145419,10.0,0.484,100.0,0.0851827058000795,0.803,True,False,139,137,276,24,11,0.0209228755656719,28.119538163381367,9210
Health_US,1,3,frequency_residual,0.0921900185690095,0.1776199950504736,0.3036280925227597,DLinear-M,numeric_fallback,94.70884252694825,1.6501512184578548,0.7225686682710093,2.7711428960614874,-0.025647356998782,-0.045912291385395,-0.0086866659479751,10.0,0.544,1000.0,0.1022834570688267,0.439,True,False,139,137,276,24,11,0.0154943335443951,15.318070444855108,9211
Health_US,24,1,semantic_residual,1.8180660075601367,0.8405179268599617,1.3483567805147632,DLinear-M,numeric_fallback,-116.59128695897132,-0.9786665870725848,-2.074515323573197,-0.6090012824621805,-0.0001780566089438,-0.006162864611338,0.0069849348968943,10000.0,0.981,10000.0,0.7424141714536554,1.0,False,False,116,92,229,24,9,0.1427597459872477,21.298804341434163,9240
Health_US,24,1,frequency_residual,1.80738986480608,0.8498845987833001,1.3443920056315717,DLinear-M,numeric_fallback,-115.31940822121184,-0.9679904443185272,-2.0356222032362177,-0.5908982984445419,-0.0130284658997411,-0.0430525936038478,0.0350006541679801,10000.0,0.413,10000.0,0.7101091887158062,0.761,False,False,116,92,229,24,9,0.1179960924439191,17.984147619758293,9241
Health_US,24,2,semantic_residual,1.1010692223258387,0.7443388917966228,1.0493184561065525,DLinear-M,numeric_fallback,-33.170812211734834,-0.2742595002561146,-0.8945893709677577,-0.0264792306854827,-0.02850121459036,-0.15630831113486,0.0613106848553047,0.0001,0.349,1000.0,0.6046238492217724,0.994,False,False,91,115,230,24,9,0.1913305558366322,39.60952320621034,9340
Health_US,24,2,frequency_residual,1.8772889676569835,0.9820621985154556,1.370141951644786,DLinear-M,numeric_fallback,-127.0521158069636,-1.0504792455872591,-2.16251084859334,-0.461177850015624,-0.6364147626959761,-1.450194437608357,-0.259516053342728,100.0,0.839,10000.0,1.2285355046917648,1.0,False,False,91,115,230,24,9,0.6498005702784295,117.06053141780922,9341
Health_US,24,3,semantic_residual,1.323373524733724,0.7473510422869551,1.1503797306688448,AR-Ridge,numeric_fallback,-20.240461289914656,-0.2227676965982956,-0.3147571468297068,-0.1119866420849544,-0.2564836537884762,-0.3754835740768736,-0.1257577580484004,1.0,0.35,1000.0,1.0786740744383534,0.97,False,False,116,91,230,24,9,0.2088043848399797,21.10837106158963,9440
Health_US,24,3,frequency_residual,1.4111173984667271,0.7604457435796484,1.1879046251558782,AR-Ridge,numeric_fallback,-28.2127863030988,-0.3105115703312993,-0.8014268431641339,-0.0741497604277057,-0.1620064444684532,-0.2339766259717247,-0.1000410391033018,100.0,0.84,1000.0,1.3204813038791827,0.333,False,False,116,91,230,24,9,0.3428664042466244,25.350806281504703,9441
Health_US,4,1,semantic_residual,0.2724881587407364,0.2727743227141487,0.5220039834529392,Last,numeric_fallback,38.41899925960836,0.1699992244855781,0.0359483161004087,0.3964341408520742,0.0010853343241603,-0.0049156111837186,0.009174879275346,1000.0,0.304,1000.0,0.1212749133519533,0.341,True,False,136,132,269,24,11,0.0030386585863248,2.527497229944327,9040
Health_US,4,1,frequency_residual,0.3351667528806054,0.2871190231147411,0.5789358797661495,Last,numeric_fallback,24.25394133572821,0.1073206303457092,0.0366615708257203,0.2325274375588027,-0.0040845916557777,-0.0078729389002403,0.0013746793731429,10000.0,0.27,10000.0,0.1555539651005257,0.337,True,False,136,132,269,24,11,0.0096111540382668,6.206200899353665,9041
Health_US,4,2,semantic_residual,0.3497384150820875,0.3574209794019765,0.5913868573802494,PatchTST,numeric_fallback,-17.834809005027964,-0.0529344247882139,-0.1096863239380862,0.0199853026571649,-0.0052618456165751,-0.0549177924325414,0.0760662047052513,0.0001,0.275,1000.0,0.1803805084687984,0.757,False,False,131,135,270,24,11,0.0436170224582445,26.262415364799228,9140
Health_US,4,2,frequency_residual,0.3736995073831485,0.3813809734209211,0.61130966570401,PatchTST,numeric_fallback,-25.907844774303324,-0.076895517089275,-0.1627632692906676,0.0430360243388859,0.1108816239122543,-0.097499593916957,0.3991209620971148,0.0001,0.16,10000.0,0.2322831178163037,0.923,False,False,131,135,270,24,11,0.0806932547155212,38.13823416558913,9141
Health_US,4,3,semantic_residual,0.4064566228672842,0.4153598196473683,0.6375395069070497,DLinear-M,numeric_fallback,84.98671891153742,2.300857124689459,1.0160917603305153,3.673051901075597,-0.0578972914862958,-0.087627000934683,-0.0357918594279754,100.0,0.091,1000.0,0.3149904565724483,0.125,True,False,136,131,270,24,11,0.0327300049088058,10.234732676497597,9240
Health_US,4,3,frequency_residual,0.3562259113927188,0.3792900283470177,0.5968466397599292,DLinear-M,numeric_fallback,86.84208981267132,2.351087836164024,1.0655756673264951,3.686734689188032,-0.0278840490556906,-0.0999716249537274,0.0235022371663443,100.0,0.403,1000.0,0.3548925703984092,0.163,True,False,136,131,270,24,11,0.1024790101391779,22.835338549583632,9241
Security,12,1,semantic_residual,5.228338097992908,1.699576931571278,2.286555946832027,DLinear-M,numeric_fallback,-25.08223035100037,-1.04841735040041,-1.2206992836275237,-0.53500668888568,-0.726604770675414,-0.774887250523813,-0.2098003385971568,10.0,0.108,0.1,2.9451148300338565,0.034,False,False,20,20,51,12,4,0.3478032829371246,11.720516520538457,9120
Security,12,1,frequency_residual,4.735532210088339,1.546732003563693,2.1761278018738555,DLinear-M,numeric_fallback,-13.29239227360599,-0.5556114624958399,-1.5518923555567607,-0.6040894458969396,-0.7146119794498262,-1.452564214758274,-0.7388700360634222,100.0,0.397,100.0,3.7199686404523744,0.479,False,False,20,20,51,12,4,0.7835561661633728,25.48478826073829,9121
Security,12,2,semantic_residual,253.75065077739933,8.067362096189221,15.92955274881876,AR-Ridge,numeric_fallback,-6.3958566185509325,-15.253909605284996,-15.253909605284996,17.50292742034575,0.2608040998614027,0.0997350209582957,0.5396440994130534,100.0,0.529,100.0,3.7842941313122247,0.418,False,False,20,20,51,12,4,0.2415203266488269,6.393532112251997,9220
Security,12,2,frequency_residual,311.1741458004469,8.687071707347892,17.64012884874844,AR-Ridge,numeric_fallback,-30.47312272325093,-72.67740462833258,-72.40876699573744,34.60223081388134,-59.45440620618406,-59.45440620618406,32.86989993114296,100.0,0.691,1000.0,4.662989738702727,0.73,False,False,20,20,51,12,4,0.5947062600229521,15.540529664610863,9221
Security,12,3,semantic_residual,658.6835318494486,19.605570677815983,25.66483064135528,DLinear-M,numeric_fallback,-4136.840578131195,-643.1369584133533,-1025.9757548528744,-601.50015504084,-3.5222629562077614,-7.076911201256356,-0.7590883959769906,10.0,0.395,10.0,93.1887033595892,0.619,False,False,20,20,51,12,4,0.5530238067666671,0.5945281981431437,9320
Security,12,3,frequency_residual,185.90080450601812,10.628287226845826,13.634544528733556,DLinear-M,numeric_fallback,-1095.7670625631438,-170.35423106992292,-265.9701348510271,-159.09260559303493,153.5848762247893,159.30311204543435,244.8671694957988,100.0,0.001,100.0,97.47579706803668,0.004,False,False,20,20,51,12,4,15.554131918329588,15.640333836112143,9321
Security,1,1,semantic_residual,2.8295015659894376,1.160646599767882,1.6821122334700018,PatchTST,numeric_fallback,-16.947526035090355,-0.4100390412837517,-1.0132889100123292,0.1994817068398551,0.1604094608748524,0.011990448931916,0.4166256107979786,10.0,0.391,100.0,3.260634210367425,0.644,False,False,31,31,62,12,5,0.2934162785423928,10.08526423820787,9010
Security,1,1,frequency_residual,2.6858626614814463,1.1819594052804334,1.6388601714244708,PatchTST,numeric_fallback,-11.010715564117524,-0.26640013677576,-0.6547870338687275,0.5598247288386862,0.1506063666919043,-0.1964277635393043,0.3261615668444508,10.0,0.88,100.0,3.576437556256003,0.452,False,False,31,31,62,12,5,1.074785613464514,40.19626034437178,9011
Security,1,2,semantic_residual,183.0062710837728,6.378687256734156,13.527981042408834,AR-Ridge,numeric_fallback,-20.28366345904804,-30.860696347366986,-79.57551865564564,-2.386114164564063,-8.384274422093968,-22.76445982759908,1.7657882472834352,10.0,0.745,0.1,3.454371164864758,0.909,False,False,31,31,62,12,5,0.3969263701583636,12.586057949903973,9110
Security,1,2,frequency_residual,184.52407854097896,6.54246408731306,13.583964021631497,AR-Ridge,numeric_fallback,-21.281265564686525,-32.378503804573114,-90.17925439073404,0.7236336843546466,-11.456509148431753,-39.48245760833584,1.9715109537769056,10.0,0.479,100.0,3.304609184787692,0.05,False,False,31,31,62,12,5,0.4305134259209135,14.735067366747758,9111
Security,1,3,semantic_residual,179.68195861282416,9.151247695461086,13.404549922053487,DLinear-M,numeric_fallback,-1139.6898095995227,-165.18785232740828,-401.7535372852033,-12.30926136902021,-7.188999252511512,-20.780712393998325,21.70724608704074,10.0,0.991,0.1,103.8403606183854,0.932,False,False,31,31,62,12,5,7.882454662722464,8.145504425504578,9210
Security,1,3,frequency_residual,70.51988951317274,6.554508607573285,8.397612131622461,DLinear-M,numeric_fallback,-386.54182689505154,-56.02578322775689,-129.9372624627038,-8.527792937855574,116.77621017927954,30.08895010919141,249.6779500889269,10.0,0.927,100.0,101.27838672583796,0.301,False,False,31,31,62,12,5,17.973867111620827,18.34446629224357,9211
Security,3,1,semantic_residual,4.106107695327548,1.454757085719055,2.026353299730219,DLinear-M,numeric_fallback,-33.63569781561368,-1.0334947914064527,-2.1349412623972905,0.0271923616313995,-1.1249998348363148,-2.008603548435411,-0.5673957925040305,10.0,0.154,0.1,2.867412980315589,0.179,False,False,29,29,60,12,5,0.3784592545632787,13.147305529413108,9030
Security,3,1,frequency_residual,2.9356400377898444,1.18384742909626,1.7133709574373683,DLinear-M,numeric_fallback,4.457862751160557,0.1369728661312499,-0.3263642378181485,0.7817873124927668,-0.2021791105740501,-0.4180549180345173,-0.1513616557050555,100.0,0.602,100.0,3.5214947749664898,0.46,False,False,29,29,60,12,5,0.7202526380222006,23.99789806967651,9031
Security,3,2,semantic_residual,163.15489832079294,5.54543677522493,12.773210180717804,DLinear-M,numeric_fallback,-8.14885696418093,-12.293481103197983,-32.571694427107204,3.580934811976806,-0.8645336643845974,-2.3197789637318644,-0.0219826648284961,10.0,0.306,10.0,3.2997425946498407,0.236,False,False,29,29,60,12,5,0.1709476901714872,5.172973438159512,9130
Security,3,2,frequency_residual,168.75861373613435,5.905370242961897,12.990712595394232,DLinear-M,numeric_fallback,-11.863335800912832,-17.89719651853941,-51.36101762484959,11.67956361416375,-2.43064673127925,-20.539772521955243,15.312468557530632,10.0,0.588,100.0,3.7910461018351778,0.101,False,False,29,29,60,12,5,0.3379355717386258,9.57700916959262,9131
Security,3,3,semantic_residual,231.67414505428235,10.492383909931863,15.220845740440389,DLinear-M,numeric_fallback,-1675.1007684307676,-218.62282148017965,-483.5199929245255,-30.17818187423027,-7.639116272240829,-14.316651868024636,-0.0712182451774275,10.0,0.149,10.0,80.92838435867891,0.275,False,False,29,29,60,12,5,1.3333592841002444,1.6441653218462289,9230
Security,3,3,frequency_residual,78.5633871504748,6.417861786485489,8.863598995355938,DLinear-M,numeric_fallback,-501.9572398493412,-65.51206357637214,-148.84964403117743,-5.325093752037376,38.48456158514294,13.764280586178618,100.76806648850398,100.0,0.111,100.0,85.83205273702255,0.008,False,False,29,29,60,12,5,9.335820704479174,10.6146668748841,9231
Security,6,1,semantic_residual,4.643695856297588,1.5427187677708076,2.1549236311984674,DLinear-M,numeric_fallback,-36.374122931656046,-1.238580753467723,-2.402842372164385,-0.1023415722211357,-1.1558523965131633,-2.1492729742199432,-0.261011280423249,1.0,0.144,0.1,2.89831137054693,0.01,False,False,26,26,57,12,4,0.4913011451370373,16.52214373597673,9060
Security,6,1,frequency_residual,5.551043935851175,1.8151810206711656,2.3560653505051965,DLinear-M,numeric_fallback,-63.020742859408976,-2.1459288330213098,-2.702167522150783,-1.6343995438460637,-2.351817704039158,-3.3938003156219656,-1.708316972839898,10.0,0.338,10.0,4.095998787653676,0.768,False,False,26,26,57,12,4,2.7070138753808046,96.87115329543263,9061
Security,6,2,semantic_residual,181.3604112282653,6.006013353937166,13.4670119636193,AR-Ridge,numeric_fallback,-2.423325856723979,-4.29096956420204,-9.059844915917072,4.09550288559535,-1.4124002112081249,-2.9178756081228645,-0.4505470008691983,10.0,0.432,10.0,3.449700998762697,0.453,False,False,26,26,57,12,4,0.4927575450313619,14.420882215307843,9160
Security,6,2,frequency_residual,186.17444448511324,6.460263052587723,13.644575643277191,AR-Ridge,numeric_fallback,-5.142052030820765,-9.105002821049965,-19.76585945692841,14.2906100566875,3.5102783626928966,1.7414069509824406,11.475305336988464,100.0,0.287,100.0,3.95532714797299,0.083,False,False,26,26,57,12,4,0.3212444182108531,8.498250347953723,9161
Security,6,3,semantic_residual,375.3692902820601,13.851108259636366,19.37444941881085,DLinear-M,numeric_fallback,-2591.1460056586207,-361.4209838916681,-718.0987267012856,-75.9881809428225,-4.914897049219217,-8.658241675312599,6.152180548706226,10.0,0.103,10.0,82.01333182813126,0.305,False,False,26,26,57,12,4,0.3369429895686324,0.4104600195326685,9260
Security,6,3,frequency_residual,126.16658973994645,8.316129234064856,11.232390206004528,DLinear-M,numeric_fallback,-804.5298132169924,-112.21828334955444,-214.5331582183892,-25.813297401528253,51.697167288859205,26.584150467559827,126.13626557344028,100.0,0.027,100.0,85.95931527916942,0.013,False,False,26,26,57,12,4,13.823436987769036,15.752181212426938,9261
SocialGood,12,1,semantic_residual,0.1441270604247395,0.2983418354267088,0.3796406991152813,PatchTST,numeric_fallback,-61.35117224607993,-0.0548019824482818,-0.0708704673273997,0.0288829262531207,-0.0010537576231573,-0.0033293529063492,0.0078284822596261,10000.0,1.0,10000.0,0.1673496835251497,1.0,False,False,80,81,172,12,14,1.117369159531395e-18,6.676852540109367e-16,9120
SocialGood,12,1,frequency_residual,0.2740057902309623,0.410884909299713,0.5234556239367023,PatchTST,numeric_fallback,-206.75124661316104,-0.1846807122545046,-0.294369641621909,-0.0589084863634382,-0.1507919287815406,-0.2360646445796957,-0.0546595967987437,10.0,0.001,10.0,0.2374260563109034,0.001,False,False,80,81,172,12,14,1.377470899426056e-16,5.80168377822143e-14,9121
SocialGood,12,2,semantic_residual,0.1248464952614398,0.2746060900340386,0.353336235420937,AR-Ridge,numeric_fallback,-27.456839523600877,-0.0268945173777246,-0.0590633017457489,-0.0048503435311016,-0.0277999790932726,-0.0585552859367188,-0.0052123320764164,1.0,0.675,10000.0,0.1038085851645661,0.968,False,False,81,80,172,12,14,0.0178356180018155,30.62147360125626,9220
SocialGood,12,2,frequency_residual,0.126994499125597,0.276821298821039,0.3563628756276347,AR-Ridge,numeric_fallback,-29.64975477714202,-0.0290425212418819,-0.058376645700299,-0.0071271936933849,0.0061359071427305,-0.0160981167170041,0.0196116630463649,1000.0,0.176,10000.0,0.1222277183461121,0.185,False,False,81,80,172,12,14,0.0448739368977711,41.42825393403227,9221
SocialGood,12,3,semantic_residual,1.9845251289771308,0.7435022112943287,1.408731744860295,PatchTST,numeric_fallback,25.67232772608357,0.6854429572877659,0.1065300095895439,1.5918796854504922,0.9114459951497924,0.145835404073024,2.0541803470296456,0.0001,0.138,10000.0,0.2368695783777834,0.821,False,False,81,81,172,12,14,0.0289646451669359,15.356748262677067,9320
SocialGood,12,3,frequency_residual,1.934553017118196,0.7332962264782859,1.390882100365878,PatchTST,numeric_fallback,27.5439647735826,0.7354150691467004,0.1183911936383952,1.7386941958858289,-0.046010208452967,-0.1009114553358633,-0.0159330543951813,10000.0,0.287,10000.0,0.2486962925843263,0.635,False,False,81,81,172,12,14,0.0373863637963018,15.795061261153291,9321
SocialGood,1,1,semantic_residual,0.0176407180734187,0.106718653300563,0.1328183649704315,PatchTST,numeric_fallback,-25.3067584373603,-0.0035626920408187,-0.0050755620105761,-0.0001149808256221,-0.002135859621967,-0.0031466729250291,0.0004138772256291,10.0,1.0,10.0,0.0226641270218398,1.0,False,False,91,92,183,12,15,1.241456259411038e-17,5.4776266397321847e-14,9010
SocialGood,1,1,frequency_residual,0.1831591514894488,0.3182654736615104,0.427970970381694,PatchTST,numeric_fallback,-1201.0286460993448,-0.1690811254568488,-0.3657323601335188,-0.0450712500465247,-0.1675590218847304,-0.3611847128284977,-0.0444697913089705,10.0,1.0,10.0,0.0240429752216457,1.0,False,False,91,92,183,12,15,2.01915460663501e-17,8.398106257736257e-14,9011
SocialGood,1,2,semantic_residual,0.0256852031961042,0.126143459429729,0.1602660388107979,PatchTST,numeric_fallback,-20.363021749606823,-0.004345423899488,-0.0136401297879789,0.0041964454896524,-0.0068983170450115,-0.0124453769048385,-0.002988785148856,1.0,0.196,0.1,0.0123681690556376,0.633,False,False,92,91,183,12,15,0.0020127777018341,17.861638773103483,9110
SocialGood,1,2,frequency_residual,0.0457173943984885,0.1635973135819285,0.2138162631758597,PatchTST,numeric_fallback,-114.23555400002616,-0.0243776151018723,-0.0309916693903205,-0.0164636782148588,-0.0270679812252801,-0.0317268782367706,-0.0189767343717148,0.1,0.033,10000.0,0.0394535293372106,0.028,False,False,92,91,183,12,15,0.0052088195649302,41.79530678070103,9111
SocialGood,1,3,semantic_residual,0.7569077613392325,0.3281398644639753,0.8700044605283541,PatchTST,numeric_fallback,-7.033667632027196,-0.0497398411092933,-0.2011485704915849,0.0414583156124724,0.0339570004747376,-0.0011534083482304,0.0892000255393139,0.0001,0.158,0.1,0.017880245064504,0.746,False,False,92,92,183,12,15,0.0035777935581024,22.372703625774445,9210
SocialGood,1,3,frequency_residual,0.4365316567046404,0.2545098416660469,0.6607054235471663,PatchTST,numeric_fallback,38.27043843240233,0.270636263525299,-0.0187278684934788,0.7405822823880448,0.3385825731261287,-0.0150988073370885,0.945854989167794,0.0001,0.201,10000.0,0.0450938804773629,0.131,False,False,92,92,183,12,15,0.0096593156476818,60.59505967225204,9211
SocialGood,3,1,semantic_residual,0.0300126173666977,0.1293690179894009,0.1732415001282827,PatchTST,numeric_fallback,-11.247861396670425,-0.0030344651668245,-0.0066274357721874,0.0076906973189474,-0.0039578033493112,-0.0063145771400257,0.0018203139316927,1.0,1.0,1.0,0.0294666233738721,1.0,False,False,89,90,181,12,15,2.179800641320352e-17,7.397524357178853e-14,9030
SocialGood,3,1,frequency_residual,0.154985784083915,0.2920890615466087,0.3936823390551258,PatchTST,numeric_fallback,-474.4862840704237,-0.1280076318840418,-0.2958201926495886,-0.0292543346566852,-0.1235806867173942,-0.286092515096834,-0.0324979551279005,10.0,1.0,10.0,0.0356840722007146,1.0,False,False,89,90,181,12,15,2.4664205849995438e-17,6.911824892423985e-14,9031
SocialGood,3,2,semantic_residual,0.0513443877896355,0.1802624818229903,0.2265930003103263,PatchTST,numeric_fallback,0.5799879181533685,0.0002995284747949,-0.0337395813015057,0.0318861056567126,-0.0185129988936974,-0.0339662145458421,-0.0058257161468247,1.0,0.246,0.1,0.0235300005711428,0.906,False,False,90,89,181,12,15,0.0050503594880705,28.613474008941644,9130
SocialGood,3,2,frequency_residual,0.0910727732923486,0.2428917176313614,0.3017826590318745,PatchTST,numeric_fallback,-76.34753496623294,-0.0394288570279181,-0.0676633449954777,-0.0181339256642098,-0.0586854212006438,-0.0731994896508,-0.0455589775179276,1.0,0.451,10000.0,0.0966483044690312,0.686,False,False,90,89,181,12,15,0.0400455973592553,134.023694575402,9131
SocialGood,3,3,semantic_residual,1.4122048460032088,0.5216725585974161,1.1883622536933798,PatchTST,numeric_fallback,4.71203174068211,0.0698341477971588,-0.1346264425132755,0.3803146249774661,0.1174527300726474,0.0041015945824947,0.2859754834145225,0.0001,0.05,0.1,0.0365095756568631,0.552,False,False,90,90,181,12,15,0.0072339005202323,21.54992617010517,9230
SocialGood,3,3,frequency_residual,0.8595055952775033,0.4157468590981023,0.9270952460656364,PatchTST,numeric_fallback,42.00519697032483,0.6225333985228647,0.0008778724807932,1.5541105839233953,0.5879094337290846,0.0213242154708778,1.4959278428353422,0.0001,0.438,10000.0,0.1018740757700338,0.509,False,False,90,90,181,12,15,0.0283789927240742,85.04603403245187,9231
SocialGood,6,1,semantic_residual,0.0626825077766093,0.1754816526784944,0.2503647494688686,PatchTST,numeric_fallback,-21.077915619630996,-0.0109121188862622,-0.0209254419826398,0.0299538305852457,-0.0114637392713512,-0.0184066679742988,0.0070942348218848,1.0,1.0,1.0,0.0501572276812819,1.0,False,False,86,87,178,12,14,3.130837331957364e-17,6.24204621485839e-14,9060
SocialGood,6,1,frequency_residual,0.1526680449469766,0.2953271874795624,0.3907275840620631,PatchTST,numeric_fallback,-194.89452990267637,-0.1008976560566294,-0.2124724352153119,-0.0127061318797956,-0.0860798450109609,-0.1671382409632952,-0.0277621683437487,10.0,1.0,10.0,0.0765349963026801,1.0,False,False,86,87,178,12,14,6.045470369705881e-17,7.898962124199098e-14,9061
SocialGood,6,2,semantic_residual,0.0673683644289506,0.2027092448828097,0.2595541647305059,AR-Ridge,numeric_fallback,-28.573645537975946,-0.0149716511312379,-0.0186240881524913,-0.008864880523292,-0.0153724838644423,-0.0190610854157066,-0.008398743643032,1.0,0.906,1.0,0.0984481468137917,0.998,False,False,87,86,178,12,14,0.032566372992508,104.38266881396396,9160
SocialGood,6,2,frequency_residual,0.0958550565850625,0.2429357464972308,0.3096046779121119,AR-Ridge,numeric_fallback,-82.94097196597818,-0.0434583432873498,-0.0588289465890478,-0.0303821771261414,-0.0442794281068785,-0.0588348820296989,-0.0338551932594124,1.0,0.222,10000.0,0.0967855157664029,0.406,False,False,87,86,178,12,14,0.0428308189626805,49.09390813092144,9161
SocialGood,6,3,semantic_residual,1.9574682393159808,0.6978524176048313,1.3990955075747975,PatchTST,numeric_fallback,9.097051118286515,0.1958923099255137,-0.1295488803401966,0.7736685563253657,0.2751278436597681,-0.0009052105793536,0.718986458408146,0.0001,0.018,0.01,0.1029673661400262,0.969,False,False,87,87,178,12,14,0.0242241839671028,33.07289321959414,9260
SocialGood,6,3,frequency_residual,1.3541560603897098,0.531441043629031,1.1636821131175428,PatchTST,numeric_fallback,37.114290457921626,0.7992044888517846,0.0744648952873097,1.869302673581732,0.6441128304904131,0.0723368076977005,1.626763552774048,0.0001,0.514,10000.0,0.1375451968506638,0.781,False,False,87,87,178,12,14,0.0655637049412231,86.72713890636764,9261
Traffic,12,1,semantic_residual,0.0338693770893767,0.1488130000674552,0.1840363471963534,PatchTST,numeric_fallback,5.614765437574631,0.0020148131088008,-0.0058445268067423,0.0069820524237231,0.0026710435997763,-0.0045497858593613,0.0061130080926165,0.1,0.388,1.0,0.0244670969191262,0.18,False,False,54,54,119,12,9,0.017339084020276,68.9853513415453,9120
Traffic,12,1,frequency_residual,0.0404662850907591,0.1619556242851889,0.2011623351692834,PatchTST,numeric_fallback,-12.769118843914296,-0.0045820948925815,-0.0153959665474272,0.0026431872031873,0.0072438710161049,-0.0035740696588641,0.0144342327775096,0.1,0.593,1.0,0.0677659667303273,0.932,False,False,54,54,119,12,9,0.0235324023458911,111.22421575752686,9121
Traffic,12,2,semantic_residual,0.0142712872093103,0.0967215640119492,0.1194624928976051,PatchTST,numeric_fallback,-52.56843257673223,-0.0049172635962455,-0.0097965618422926,-0.0021257217782772,-0.0060879207836276,-0.0100873495866316,-0.0040116719571419,0.1,0.206,1.0,0.0213879424119832,0.03,False,False,54,54,119,12,9,0.0060725464998144,22.03862424933681,9220
Traffic,12,2,frequency_residual,0.0137393287154805,0.0947950185606815,0.1172148826535287,PatchTST,numeric_fallback,-46.88148420205786,-0.0043853051024157,-0.008190958983784,-0.0017082891022807,-0.0010785706919204,-0.0025714707583084,0.0023129148328539,1.0,0.836,1.0,0.1006430577721654,1.0,False,False,54,54,119,12,9,0.0450969892432729,124.1834368214538,9221
Traffic,12,3,semantic_residual,0.2871421291390408,0.322998169301004,0.535856444525062,PatchTST,numeric_fallback,10.72278347511415,0.0344876665871739,0.010202374162332,0.0879359198636969,0.0663504512531072,0.0111033891863275,0.171930843330464,0.01,0.238,0.1,0.0121991753410182,0.247,False,False,55,54,119,12,9,0.0034729986154907,25.814212973021085,9320
Traffic,12,3,frequency_residual,0.3403562122133854,0.3725147654412957,0.5834005589758938,PatchTST,numeric_fallback,-5.822351267203918,-0.0187264164871706,-0.0598488206318666,0.0151292402046926,-0.0041219858610917,-0.0561446192389892,0.0463263060105872,0.01,0.597,1.0,0.0254922125291649,0.896,False,False,55,54,119,12,9,0.00442628054171,24.67095293395176,9321
Traffic,1,1,semantic_residual,0.023634475253664,0.1203783113344487,0.1537350814019495,PatchTST,numeric_fallback,-1.396022651176798,-0.0003253999707296,-0.0051501849742401,0.002619722168933,0.0009762719245074,-0.0006305609887996,0.0012816610196372,1.0,0.423,1.0,0.0174533985939754,0.013,False,False,65,65,130,12,10,0.000449504962583,2.458215441791872,9010
Traffic,1,1,frequency_residual,0.0494192598091614,0.1736537578022878,0.2223044304757812,PatchTST,numeric_fallback,-112.0172473995286,-0.026110184526227,-0.0581158103450791,-0.0121134077351624,-0.0156817132595201,-0.0398833752221131,-0.0061099082442416,1.0,0.122,10.0,0.0260233055005465,0.569,False,False,65,65,130,12,10,0.00441196335678,22.821168101833983,9011
Traffic,1,2,semantic_residual,0.0079635589752033,0.0706632312068896,0.0892387750655698,PatchTST,numeric_fallback,5.350704268756889,0.0004501950983778,-0.0021834692370237,0.002810462727902,-0.002528250388608,-0.0050340006632948,-0.001277148406295,0.0001,0.286,0.1,0.0122095655187964,0.331,True,False,65,65,130,12,10,0.0013990711447702,10.9220968779055,9110
Traffic,1,2,frequency_residual,0.0170660994511255,0.1040006341153103,0.1306372820106326,PatchTST,numeric_fallback,-102.83572947196512,-0.0086523453775443,-0.0177964324390555,-0.0026780369689187,-0.0104846077649447,-0.0186079764631292,-0.0058887912228551,0.1,0.861,1.0,0.0435817694076601,0.943,False,False,65,65,130,12,10,0.0121011566137969,79.02183386486892,9111
Traffic,1,3,semantic_residual,0.1668808837142269,0.2202945215373468,0.408510567444989,PatchTST,numeric_fallback,-5.263362965828144,-0.0083443530426752,-0.0227612701203147,-0.0001135678847602,0.0153770149703391,-0.0095145024168067,0.0605085126168619,0.0001,0.122,0.01,0.0074289742342376,0.299,True,False,66,65,130,12,10,0.0009987363167058,14.042548824180052,9210
Traffic,1,3,frequency_residual,0.1713248853292937,0.2492750535780061,0.4139141038057217,PatchTST,numeric_fallback,-8.066503413170011,-0.012788354657742,-0.098452127776468,0.0695653994997145,0.0083869359440333,-0.0956255879121534,0.1339664413174566,0.0001,0.119,1.0,0.0151920716204876,0.345,False,False,66,65,130,12,10,0.0045449007854092,58.53020527035615,9211
Traffic,3,1,semantic_residual,0.0251914891950654,0.1296745503986239,0.1587182698843,PatchTST,numeric_fallback,7.639147060966501,0.002083582865707,-0.0035567156187129,0.005688977385168,0.0016166810591883,-0.0003347343790202,0.0020613310049492,1.0,0.475,1.0,0.0200580984772087,0.214,False,False,63,63,128,12,10,0.0032447516956926,16.047504016963476,9030
Traffic,3,1,frequency_residual,0.0550342129786704,0.1870838186623439,0.2345937189667924,PatchTST,numeric_fallback,-101.77476655624176,-0.0277591409178979,-0.0561918729867335,-0.013325003290778,-0.0191303539916063,-0.0415994266178429,-0.007639326505924,1.0,0.241,10.0,0.0464424288372332,0.923,False,False,63,63,128,12,10,0.0121301165662118,59.89667545863774,9031
Traffic,3,2,semantic_residual,0.0091815277653963,0.0774034197560913,0.0958202889026969,PatchTST,numeric_fallback,-11.912635210189393,-0.0009773354968897,-0.0044954183270735,0.0016440335491785,-0.0029549876708711,-0.0059733127285715,-0.0012969200721189,0.1,0.172,0.1,0.0132121040068236,0.114,True,False,63,63,128,12,10,0.0027681029683733,17.50908322093817,9130
Traffic,3,2,frequency_residual,0.0183561233247487,0.1093778936160005,0.1354847715603077,PatchTST,numeric_fallback,-123.74077452100263,-0.0101519310562422,-0.019053752565064,-0.004750312906478,-0.0107128105025501,-0.0177171815903011,-0.0067085248646827,0.1,0.756,1.0,0.0565084873239896,0.984,False,False,63,63,128,12,10,0.0190867092780245,100.77198597456416,9131
Traffic,3,3,semantic_residual,0.2251873208894411,0.2567327775659851,0.4745390615001479,AR-Ridge,numeric_fallback,11.807552811797716,0.0301489670456156,-0.0084046699026324,0.0928621665756869,0.0301474732073202,-0.0084045056555693,0.0928575665332058,0.0001,0.143,0.0001,0.0329500451568348,0.35,False,False,64,63,128,12,10,0.0024144493161897,29.973016597742276,9230
Traffic,3,3,frequency_residual,0.2181422352282822,0.3090670610686004,0.467056993554622,AR-Ridge,numeric_fallback,14.566692814236715,0.0371940527067746,-0.1252587206654229,0.2380272799368289,0.0329600620768303,-0.126388630549443,0.2283919026226813,0.0001,0.225,100.0,0.0679495536075526,0.648,False,False,64,63,128,12,10,0.0094675578366446,99.6871460883834,9231
Traffic,6,1,semantic_residual,0.0295779043194826,0.1409735820550177,0.1719822790856157,PatchTST,numeric_fallback,9.261490813580808,0.0030189551448004,-0.0044710536594789,0.007955025436037,0.0023572025016161,-0.0004949621206125,0.0035959871095644,1.0,0.549,1.0,0.0218556697894342,0.769,False,False,60,60,125,12,10,0.0091041297304568,43.86240367011845,9060
Traffic,6,1,frequency_residual,0.0393496150691415,0.1622616822853341,0.1983673740037446,PatchTST,numeric_fallback,-20.71596993034732,-0.0067527556048584,-0.0256265357001074,0.0042087255991071,0.0049221756617055,-0.0082324142735248,0.0123866617831705,1.0,0.178,1.0,0.0390506018501133,0.765,False,False,60,60,125,12,10,0.0085141981020678,40.749857677717856,9061
Traffic,6,2,semantic_residual,0.0124847377114536,0.0908782896627921,0.1117351229983379,PatchTST,numeric_fallback,-43.13608169397853,-0.0037624522026567,-0.0075124249802659,-0.0013755192092118,-0.0053682354119323,-0.0086597627820389,-0.0036499104351131,0.1,0.396,1.0,0.020138531164817,0.342,False,False,60,60,125,12,10,0.0027765695389337,13.68993732730964,9160
Traffic,6,2,frequency_residual,0.0160065908788146,0.1024925815525304,0.1265171564603579,PatchTST,numeric_fallback,-83.51372312533255,-0.0072843053700177,-0.0138481300979569,-0.0031029048730743,-0.0076809468663567,-0.0125210312477122,-0.0045245573710864,0.1,0.87,1.0,0.0725060231351873,0.996,False,False,60,60,125,12,10,0.0320212808649565,125.68795096195208,9161
Traffic,6,3,semantic_residual,0.2391277022268985,0.2737721395655459,0.4890068529447195,PatchTST,numeric_fallback,8.41091895761612,0.0219598635673684,0.003763789515675,0.0543650548647037,0.0534383545228379,0.0072327236337694,0.1408585464543606,0.0001,0.126,0.1,0.0091720362779783,0.229,True,False,61,60,125,12,10,0.0028149286344217,27.292379602649984,9260
Traffic,6,3,frequency_residual,0.2455883747425502,0.29356927617964,0.4955687386655359,PatchTST,numeric_fallback,5.936395708683406,0.0154991910517168,-0.0292659802084003,0.0815912286728696,0.0385144511537633,-0.0243685338592202,0.1414104920639432,0.0001,0.553,1.0,0.0228717953133526,0.972,False,False,61,60,125,12,10,0.0061491946578682,47.40241850817509,9261
