dataset,horizon,model_family,corruption,mse_mean,mse_std,degradation_pct_mean,degradation_pct_std,repeats
ETTh1,96,ARRidge,clean,0.0596552383836453,,0.0,,1
ETTh1,96,ARRidge,gaussian_0.10,0.0608483641235029,0.0001214754976237,2.000035155646344,0.2036292216997708,3
ETTh1,96,ARRidge,random_missing_0.10,0.06280962539794,0.0002247966862624,5.287694927993858,0.3768263984074326,3
ETTh1,96,ARRidge,spikes_0.02,0.0841318294225861,0.0005565243034563,41.03007833365914,0.9329009799228448,3
ETTh1,96,ARRidge,tail_missing_12,0.0696932548465826,0.0,16.826714191270863,0.0,3
ETTh1,96,Last,clean,0.069264180958271,,0.0,,1
ETTh1,96,Last,gaussian_0.10,0.0787807554006576,0.0013231954750285,13.73953219503165,1.910360386453941,3
ETTh1,96,Last,random_missing_0.10,0.0692687059442202,0.0001316135887494,0.0065329379292378,0.1900168123387545,3
ETTh1,96,Last,spikes_0.02,0.2549923956394195,0.0123657675549307,268.1446775398132,17.853048117872973,3
ETTh1,96,Last,tail_missing_12,0.0784187614917755,0.0,13.216904331864932,0.0,3
ETTh1,96,PatchTST-M,clean,0.0555229075253009,0.0002502933290181,0.0,0.0,3
ETTh1,96,PatchTST-M,gaussian_0.10,0.0579819016986423,0.0002989355676697,4.428980424427278,0.4091710204583163,9
ETTh1,96,PatchTST-M,random_missing_0.10,0.0564117833144134,0.0004678942279785,1.600217819490816,0.6253853611091477,9
ETTh1,96,PatchTST-M,spikes_0.02,0.1078137316637569,0.0030763268613235,94.16594603487606,4.953042557790198,9
ETTh1,96,PatchTST-M,tail_missing_12,0.06620770941178,7.398245114885991e-05,19.24526116117632,0.3897606415083327,9
ETTh1,336,ARRidge,clean,0.097092886880268,,0.0,,1
ETTh1,336,ARRidge,gaussian_0.10,0.0976673650728492,0.000153241253937,0.5916789695311323,0.1578295371174121,3
ETTh1,336,ARRidge,random_missing_0.10,0.1009057273949218,9.155374272880456e-05,3.927002932105276,0.0942950051961219,3
ETTh1,336,ARRidge,spikes_0.02,0.1094350622730868,0.0011429840175137,12.711719456893638,1.177206749371064,3
ETTh1,336,ARRidge,tail_missing_12,0.1022523610719481,0.0,5.313956930792041,0.0,3
ETTh1,336,Last,clean,0.1132740154862403,,0.0,,1
ETTh1,336,Last,gaussian_0.10,0.1229974006613095,0.0015142707205189,8.583950284917984,1.336820906382463,3
ETTh1,336,Last,random_missing_0.10,0.1131947462757428,0.0001723741810811,-0.0699800480783441,0.1521745126993464,3
ETTh1,336,Last,spikes_0.02,0.2874308029810588,0.0160696157157474,153.7482243807041,14.186497800724188,3
ETTh1,336,Last,tail_missing_12,0.117617130279541,0.0,3.834166886957569,0.0,3
ETTh1,336,PatchTST-M,clean,0.0850906297564506,0.000936650408377,0.0,0.0,3
ETTh1,336,PatchTST-M,gaussian_0.10,0.0887646087341838,0.0011462602224748,4.3179094115028365,0.937798515948813,9
ETTh1,336,PatchTST-M,random_missing_0.10,0.0874542693297068,0.0008100034970554,2.778314821155208,0.2570482999079734,9
ETTh1,336,PatchTST-M,spikes_0.02,0.1616107738680309,0.0142830175631789,89.92951424465679,16.719320739105186,9
ETTh1,336,PatchTST-M,tail_missing_12,0.0917545358339945,0.0008460358311853,7.832447142765476,0.3951636625673044,9
ETTh1,720,ARRidge,clean,0.154455245685914,,0.0,,1
ETTh1,720,ARRidge,gaussian_0.10,0.1549026708311642,0.0002106734237933,0.2896794752831259,0.1363977136922785,3
ETTh1,720,ARRidge,random_missing_0.10,0.1584537752485811,0.0001501890119186,2.5887949256175657,0.0972378835381583,3
ETTh1,720,ARRidge,spikes_0.02,0.164861837423954,0.0005365086215243,6.737609779341436,0.3473553903214932,3
ETTh1,720,ARRidge,tail_missing_12,0.1583108380959699,0.0,2.496252162193513,0.0,3
ETTh1,720,Last,clean,0.1291794776916504,,0.0,,1
ETTh1,720,Last,gaussian_0.10,0.1394393146038055,0.0015802257990991,7.942311809500609,1.22327929121309,3
ETTh1,720,Last,random_missing_0.10,0.1290780454874038,0.0001925894529882,-0.0785203703088543,0.1490867252521134,3
ETTh1,720,Last,spikes_0.02,0.3013359407583872,0.021257295561393,133.26920509593012,16.45562897547393,3
ETTh1,720,Last,tail_missing_12,0.1318886578083038,0.0,2.097221760812662,0.0,3
ETTh1,720,PatchTST-M,clean,0.0905016337831815,0.0013668774288076,0.0,0.0,3
ETTh1,720,PatchTST-M,gaussian_0.10,0.0937090218067169,0.0010443062818335,3.550430730743693,0.9999044350666322,9
ETTh1,720,PatchTST-M,random_missing_0.10,0.0938493137558301,0.0004422073653257,3.7116547738408503,1.162715926116027,9
ETTh1,720,PatchTST-M,spikes_0.02,0.1909316579500834,0.0083363583802598,110.9911858850388,9.362505284941802,9
ETTh1,720,PatchTST-M,tail_missing_12,0.0990815783540407,0.0020331630339168,9.47116636685857,0.8340025525541125,9
ETTh2,96,ARRidge,clean,0.1287497383696405,,0.0,,1
ETTh2,96,ARRidge,gaussian_0.10,0.1348694774599832,0.0003317847594021,4.753205068869996,0.2576974241684444,3
ETTh2,96,ARRidge,random_missing_0.10,0.1351446479476083,0.0002967320917194,4.966930153759168,0.2304719958867561,3
ETTh2,96,ARRidge,spikes_0.02,0.2421129072736108,0.0068382367692687,88.04924214952932,5.311262652539286,3
ETTh2,96,ARRidge,tail_missing_12,0.2126891541562693,0.0,65.19579522999783,0.0,3
ETTh2,96,Last,clean,0.2954771518707275,,0.0,,1
ETTh2,96,Last,gaussian_0.10,0.3047662079334259,0.0025767625579027,3.143747665052077,0.8720682941434594,3
ETTh2,96,Last,random_missing_0.10,0.2955451409022013,0.0006232144748438,0.0230099116102019,0.2109179917628754,3
ETTh2,96,Last,spikes_0.02,0.4810876250267029,0.0144017351514765,62.817199902204514,4.874060501902128,3
ETTh2,96,Last,tail_missing_12,0.3123978078365326,0.0,5.726553088344333,0.0,3
ETTh2,96,PatchTST-M,clean,0.1276406198740005,0.0008511338968779,0.0,0.0,3
ETTh2,96,PatchTST-M,gaussian_0.10,0.131356688009368,0.0006885298689309,2.911815201853065,0.213173858931946,9
ETTh2,96,PatchTST-M,random_missing_0.10,0.1284810751676559,0.00079875730108,0.6582887472227399,0.1285278898569271,9
ETTh2,96,PatchTST-M,spikes_0.02,0.2127988636493683,0.012071714882523,66.72268828533902,9.504201988024557,9
ETTh2,96,PatchTST-M,tail_missing_12,0.2122969180345535,0.0034233502140816,66.33213113797319,3.0461959194931176,9
ETTh2,336,ARRidge,clean,0.2316580589765507,,0.0,,1
ETTh2,336,ARRidge,gaussian_0.10,0.2344310535444256,0.0003880179814522,1.1970205483572416,0.1674959995635187,3
ETTh2,336,ARRidge,random_missing_0.10,0.2409055989411294,0.000222353844453,3.991892190340226,0.0959836430622775,3
ETTh2,336,ARRidge,spikes_0.02,0.2856065185865603,0.0042474793883334,23.287970143732576,1.833512465354552,3
ETTh2,336,ARRidge,tail_missing_12,0.2702325628736359,0.0,16.651483685698064,0.0,3
ETTh2,336,Last,clean,0.3898793756961822,,0.0,,1
ETTh2,336,Last,gaussian_0.10,0.3990408678849538,0.0030682861366665,2.349827346576746,0.7869834435811585,3
ETTh2,336,Last,random_missing_0.10,0.3895379602909088,0.0006440931059753,-0.0875694962483704,0.1652031746550583,3
ETTh2,336,Last,spikes_0.02,0.5608941515286764,0.017868442003514,43.86350920130724,4.583069307425552,3
ETTh2,336,Last,tail_missing_12,0.3997009992599487,0.0,2.5191441702266726,0.0,3
ETTh2,336,PatchTST-M,clean,0.2151416838169098,0.0011130379017703,0.0,0.0,3
ETTh2,336,PatchTST-M,gaussian_0.10,0.2179486023055182,0.0012435925682141,1.3043359642566383,0.2220293847999264,9
ETTh2,336,PatchTST-M,random_missing_0.10,0.2158590687645806,0.0010343580195078,0.3333459416489227,0.07802475511225,9
ETTh2,336,PatchTST-M,spikes_0.02,0.282011608282725,0.0078090569722824,31.07057320121529,3.08928510060423,9
ETTh2,336,PatchTST-M,tail_missing_12,0.2607224782307942,0.0056062127897532,21.178183038842903,2.065842291787132,9
ETTh2,720,ARRidge,clean,0.3234633017825126,,0.0,,1
ETTh2,720,ARRidge,gaussian_0.10,0.3253078590609512,0.0005532068872697,0.5702524114092148,0.1710261671791417,3
ETTh2,720,ARRidge,random_missing_0.10,0.3313656490432523,0.0001472466557145,2.443042910027867,0.0455219046189069,3
ETTh2,720,ARRidge,spikes_0.02,0.3568870063773852,0.0018126096390955,10.333074698330291,0.5603756683082034,3
ETTh2,720,ARRidge,tail_missing_12,0.3558197188523824,0.0,10.003118403714728,0.0,3
ETTh2,720,Last,clean,0.436552882194519,,0.0,,1
ETTh2,720,Last,gaussian_0.10,0.4468718270460765,0.0041062809066128,2.363733071623497,0.9406147740843755,3
ETTh2,720,Last,random_missing_0.10,0.4358171025911967,0.0004409166428717,-0.1685430639293087,0.1009995949758262,3
ETTh2,720,Last,spikes_0.02,0.6106040875116984,0.0211663686695424,39.86944363813081,4.848523405260928,3
ETTh2,720,Last,tail_missing_12,0.4423052668571472,0.0,1.3176833545826885,0.0,3
ETTh2,720,PatchTST-M,clean,0.2381842186053594,0.0039051351265191,0.0,0.0,3
ETTh2,720,PatchTST-M,gaussian_0.10,0.2462045898040135,0.0069798897515877,3.3505559812310257,1.5854465933030293,9
ETTh2,720,PatchTST-M,random_missing_0.10,0.2405268467134899,0.0041619355263436,0.9798876772777788,0.4161547412120714,9
ETTh2,720,PatchTST-M,spikes_0.02,0.509237441751692,0.1216863679809662,113.3937889911775,48.62300968201024,9
ETTh2,720,PatchTST-M,tail_missing_12,0.2941005130608876,0.005306223913037,23.470579191635867,0.6248200918017492,9
