start_date,end_date,OT
2000-01-04,2000-01-10,57.29
2000-01-11,2000-01-17,48.27
2000-01-18,2000-01-24,43.26
2000-01-25,2000-01-31,42.03
2000-02-01,2000-02-07,45.6
2000-02-08,2000-02-14,46.5
2000-02-15,2000-02-21,47.17
2000-02-22,2000-02-28,52.59
2000-02-29,2000-03-06,54.35
2000-03-07,2000-03-13,54.73
2000-03-14,2000-03-20,59.44
2000-03-21,2000-03-27,59.74
2000-03-28,2000-04-03,61.97
2000-04-04,2000-04-10,59.35
2000-04-11,2000-04-17,62.16
2000-04-18,2000-04-24,60.64
2000-04-25,2000-05-01,63.2
2000-05-02,2000-05-08,62.61
2000-05-09,2000-05-15,62.87
2000-05-16,2000-05-22,60.21
2000-05-23,2000-05-29,64.63
2000-05-30,2000-06-05,68.15
2000-06-06,2000-06-12,68.61
2000-06-13,2000-06-19,63.01
2000-06-20,2000-06-26,64.25
2000-06-27,2000-07-03,61.12
2000-07-04,2000-07-10,57.8
2000-07-11,2000-07-17,56.32
2000-07-18,2000-07-24,55.65
2000-07-25,2000-07-31,56.81
2000-08-01,2000-08-07,58.33
2000-08-08,2000-08-14,57.11
2000-08-15,2000-08-21,56.7
2000-08-22,2000-08-28,57.99
2000-08-29,2000-09-04,52.85
2000-09-05,2000-09-11,52.06
2000-09-12,2000-09-18,52.86
2000-09-19,2000-09-25,51.09
2000-09-26,2000-10-02,51.58
2000-10-03,2000-10-09,49.36
2000-10-10,2000-10-16,50.18
2000-10-17,2000-10-23,49.92
2000-10-24,2000-10-30,46.23
2000-10-31,2000-11-06,49.98
2000-11-07,2000-11-13,62.07
2000-11-14,2000-11-20,69.11
2000-11-21,2000-11-27,70.05
2000-11-28,2000-12-04,70.22
2000-12-05,2000-12-11,71.61
2000-12-12,2000-12-18,72.21
2000-12-19,2000-12-25,75.39
2000-12-26,2001-01-01,76.73
2001-01-02,2001-01-08,75.53
2001-01-09,2001-01-15,73.35
2001-01-16,2001-01-22,74.71
2001-01-23,2001-01-29,63.51
2001-01-30,2001-02-05,67.34
2001-02-06,2001-02-12,67.59
2001-02-13,2001-02-19,68.75
2001-02-20,2001-02-26,71.05
2001-02-27,2001-03-05,70.78
2001-03-06,2001-03-12,72.05
2001-03-13,2001-03-19,71.45
2001-03-20,2001-03-26,71.39
2001-03-27,2001-04-02,68.45
2001-04-03,2001-04-09,68.05
2001-04-10,2001-04-16,70.26
2001-04-17,2001-04-23,70.65
2001-04-24,2001-04-30,70.52
2001-05-01,2001-05-07,69.08
2001-05-08,2001-05-14,60.26
2001-05-15,2001-05-21,59.35
2001-05-22,2001-05-28,61.28
2001-05-29,2001-06-04,62.43
2001-06-05,2001-06-11,66.75
2001-06-12,2001-06-18,68.35
2001-06-19,2001-06-25,64.11
2001-06-26,2001-07-02,62.01
2001-07-03,2001-07-09,59.65
2001-07-10,2001-07-16,63.86
2001-07-17,2001-07-23,58.59
2001-07-24,2001-07-30,55.38
2001-07-31,2001-08-06,55.8
2001-08-07,2001-08-13,56.94
2001-08-14,2001-08-20,59.05
2001-08-21,2001-08-27,61.49
2001-08-28,2001-09-03,60.22
2001-09-04,2001-09-10,57.91
2001-09-11,2001-09-17,57.43
2001-09-18,2001-09-24,59.46
2001-09-25,2001-10-01,63.35
2001-10-02,2001-10-08,62.99
2001-10-09,2001-10-15,60.29
2001-10-16,2001-10-22,61.31
2001-10-23,2001-10-29,56.51
2001-10-30,2001-11-05,53.64
2001-11-06,2001-11-12,51.46
2001-11-13,2001-11-19,48.74
2001-11-20,2001-11-26,48.93
2001-11-27,2001-12-03,52.79
2001-12-04,2001-12-10,53.23
2001-12-11,2001-12-17,54.54
2001-12-18,2001-12-24,55.47
2001-12-25,2001-12-31,55.39
2002-01-01,2002-01-07,55.28
2002-01-08,2002-01-14,54.46
2002-01-15,2002-01-21,52.93
2002-01-22,2002-01-28,52.81
2002-01-29,2002-02-04,52.12
2002-02-05,2002-02-11,51.82
2002-02-12,2002-02-18,50.97
2002-02-19,2002-02-25,49.28
2002-02-26,2002-03-04,46.61
2002-03-05,2002-03-11,46.85
2002-03-12,2002-03-18,41.19
2002-03-19,2002-03-25,42.55
2002-03-26,2002-04-01,42.51
2002-04-02,2002-04-08,44.2
2002-04-09,2002-04-15,45.28
2002-04-16,2002-04-22,45.91
2002-04-23,2002-04-29,45.12
2002-04-30,2002-05-06,46.16
2002-05-07,2002-05-13,44.27
2002-05-14,2002-05-20,46.09
2002-05-21,2002-05-27,47.59
2002-05-28,2002-06-03,45.99
2002-06-04,2002-06-10,39.99
2002-06-11,2002-06-17,40.93
2002-06-18,2002-06-24,42.7
2002-06-25,2002-07-01,41.68
2002-07-02,2002-07-08,40.93
2002-07-09,2002-07-15,40.37
2002-07-16,2002-07-22,40.01
2002-07-23,2002-07-29,34.92
2002-07-30,2002-08-05,34.13
2002-08-06,2002-08-12,34.11
2002-08-13,2002-08-19,34.39
2002-08-20,2002-08-26,39.13
2002-08-27,2002-09-02,40.95
2002-09-03,2002-09-09,39.07
2002-09-10,2002-09-16,40.62
2002-09-17,2002-09-23,40.32
2002-09-24,2002-09-30,43.09
2002-10-01,2002-10-07,40.73
2002-10-08,2002-10-14,40.47
2002-10-15,2002-10-21,43.42
2002-10-22,2002-10-28,45.96
2002-10-29,2002-11-04,49.03
2002-11-05,2002-11-11,49.14
2002-11-12,2002-11-18,50.54
2002-11-19,2002-11-25,50.7
2002-11-26,2002-12-02,50.95
2002-12-03,2002-12-09,50.67
2002-12-10,2002-12-16,48.6
2002-12-17,2002-12-23,51.63
2002-12-24,2002-12-30,52.59
2002-12-31,2003-01-06,53.87
2003-01-07,2003-01-13,51.62
2003-01-14,2003-01-20,51.48
2003-01-21,2003-01-27,49.63
2003-01-28,2003-02-03,48.7
2003-02-04,2003-02-10,47.94
2003-02-11,2003-02-17,46.74
2003-02-18,2003-02-24,48.11
2003-02-25,2003-03-03,47.61
2003-03-04,2003-03-10,47.21
2003-03-11,2003-03-17,45.45
2003-03-18,2003-03-24,43.14
2003-03-25,2003-03-31,44.4
2003-04-01,2003-04-07,44.69
2003-04-08,2003-04-14,46.7
2003-04-15,2003-04-21,45.21
2003-04-22,2003-04-28,46.7
2003-04-29,2003-05-05,42.38
2003-05-06,2003-05-12,45.78
2003-05-13,2003-05-19,50.04
2003-05-20,2003-05-26,51.13
2003-05-27,2003-06-02,51.74
2003-06-03,2003-06-09,48.97
2003-06-10,2003-06-16,50.02
2003-06-17,2003-06-23,50.27
2003-06-24,2003-06-30,50.27
2003-07-01,2003-07-07,53.93
2003-07-08,2003-07-14,57.18
2003-07-15,2003-07-21,51.29
2003-07-22,2003-07-28,53.05
2003-07-29,2003-08-04,53.41
2003-08-05,2003-08-11,51.64
2003-08-12,2003-08-18,50.21
2003-08-19,2003-08-25,45.33
2003-08-26,2003-09-01,43.51
2003-09-02,2003-09-08,45.79
2003-09-09,2003-09-15,45.44
2003-09-16,2003-09-22,47.29
2003-09-23,2003-09-29,46.88
2003-09-30,2003-10-06,48.06
2003-10-07,2003-10-13,50.09
2003-10-14,2003-10-20,49.33
2003-10-21,2003-10-27,47.73
2003-10-28,2003-11-03,46.26
2003-11-04,2003-11-10,47.27
2003-11-11,2003-11-17,46.21
2003-11-18,2003-11-24,47.49
2003-11-25,2003-12-01,48.59
2003-12-02,2003-12-08,49.29
2003-12-09,2003-12-15,48.77
2003-12-16,2003-12-22,50.8
2003-12-23,2003-12-29,50.53
2003-12-30,2004-01-05,50.82
2004-01-06,2004-01-12,48.35
2004-01-13,2004-01-19,49.65
2004-01-20,2004-01-26,51.37
2004-01-27,2004-02-02,51.97
2004-02-03,2004-02-09,51.97
2004-02-10,2004-02-16,50.78
2004-02-17,2004-02-23,50.81
2004-02-24,2004-03-01,51.75
2004-03-02,2004-03-08,52.52
2004-03-09,2004-03-15,55.32
2004-03-16,2004-03-22,55.59
2004-03-23,2004-03-29,52.42
2004-03-30,2004-04-05,51.68
2004-04-06,2004-04-12,51.09
2004-04-13,2004-04-19,49.98
2004-04-20,2004-04-26,47.96
2004-04-27,2004-05-03,49.85
2004-05-04,2004-05-10,51.13
2004-05-11,2004-05-17,50.73
2004-05-18,2004-05-24,51.76
2004-05-25,2004-05-31,48.83
2004-06-01,2004-06-07,50.99
2004-06-08,2004-06-14,53.84
2004-06-15,2004-06-21,56.65
2004-06-22,2004-06-28,59.0
2004-06-29,2004-07-05,57.91
2004-07-06,2004-07-12,57.32
2004-07-13,2004-07-19,56.64
2004-07-20,2004-07-26,54.74
2004-07-27,2004-08-02,53.71
2004-08-03,2004-08-09,52.57
2004-08-10,2004-08-16,53.99
2004-08-17,2004-08-23,56.49
2004-08-24,2004-08-30,58.14
2004-08-31,2004-09-06,59.13
2004-09-07,2004-09-13,60.4
2004-09-14,2004-09-20,59.33
2004-09-21,2004-09-27,58.68
2004-09-28,2004-10-04,60.74
2004-10-05,2004-10-11,56.61
2004-10-12,2004-10-18,59.84
2004-10-19,2004-10-25,61.81
2004-10-26,2004-11-01,61.81
2004-11-02,2004-11-08,63.39
2004-11-09,2004-11-15,63.54
2004-11-16,2004-11-22,62.97
2004-11-23,2004-11-29,63.56
2004-11-30,2004-12-06,65.9
2004-12-07,2004-12-13,66.42
2004-12-14,2004-12-20,67.13
2004-12-21,2004-12-27,65.79
2004-12-28,2005-01-03,67.59
2005-01-04,2005-01-10,69.09
2005-01-11,2005-01-17,66.66
2005-01-18,2005-01-24,67.41
2005-01-25,2005-01-31,67.27
2005-02-01,2005-02-07,67.34
2005-02-08,2005-02-14,67.62
2005-02-15,2005-02-21,67.23
2005-02-22,2005-02-28,66.84
2005-03-01,2005-03-07,67.92
2005-03-08,2005-03-14,66.49
2005-03-15,2005-03-21,66.28
2005-03-22,2005-03-28,66.63
2005-03-29,2005-04-04,68.7
2005-04-05,2005-04-11,69.38
2005-04-12,2005-04-18,72.58
2005-04-19,2005-04-25,70.13
2005-04-26,2005-05-02,70.18
2005-05-03,2005-05-09,62.91
2005-05-10,2005-05-16,60.28
2005-05-17,2005-05-23,66.31
2005-05-24,2005-05-30,62.64
2005-05-31,2005-06-06,62.2
2005-06-07,2005-06-13,62.43
2005-06-14,2005-06-20,66.23
2005-06-21,2005-06-27,66.02
2005-06-28,2005-07-04,58.93
2005-07-05,2005-07-11,60.02
2005-07-12,2005-07-18,62.07
2005-07-19,2005-07-25,59.73
2005-07-26,2005-08-01,56.87
2005-08-02,2005-08-08,56.22
2005-08-09,2005-08-15,56.5
2005-08-16,2005-08-22,58.56
2005-08-23,2005-08-29,61.49
2005-08-30,2005-09-05,62.39
2005-09-06,2005-09-12,60.49
2005-09-13,2005-09-19,57.49
2005-09-20,2005-09-26,57.29
2005-09-27,2005-10-03,59.57
2005-10-04,2005-10-10,59.91
2005-10-11,2005-10-17,63.91
2005-10-18,2005-10-24,64.31
2005-10-25,2005-10-31,61.07
2005-11-01,2005-11-07,55.0
2005-11-08,2005-11-14,54.85
2005-11-15,2005-11-21,54.95
2005-11-22,2005-11-28,56.83
2005-11-29,2005-12-05,58.88
2005-12-06,2005-12-12,60.63
2005-12-13,2005-12-19,59.54
2005-12-20,2005-12-26,59.88
2005-12-27,2006-01-02,61.36
2006-01-03,2006-01-09,62.52
2006-01-10,2006-01-16,60.39
2006-01-17,2006-01-23,58.34
2006-01-24,2006-01-30,60.22
2006-01-31,2006-02-06,60.37
2006-02-07,2006-02-13,59.73
2006-02-14,2006-02-20,60.51
2006-02-21,2006-02-27,60.36
2006-02-28,2006-03-06,57.25
2006-03-07,2006-03-13,55.57
2006-03-14,2006-03-20,57.03
2006-03-21,2006-03-27,51.39
2006-03-28,2006-04-03,51.43
2006-04-04,2006-04-10,50.22
2006-04-11,2006-04-17,53.14
2006-04-18,2006-04-24,51.58
2006-04-25,2006-05-01,52.57
2006-05-02,2006-05-08,52.66
2006-05-09,2006-05-15,51.68
2006-05-16,2006-05-22,56.43
2006-05-23,2006-05-29,58.54
2006-05-30,2006-06-05,55.21
2006-06-06,2006-06-12,55.84
2006-06-13,2006-06-19,51.54
2006-06-20,2006-06-26,51.75
2006-06-27,2006-07-03,52.73
2006-07-04,2006-07-10,52.67
2006-07-11,2006-07-17,48.7
2006-07-18,2006-07-24,46.87
2006-07-25,2006-07-31,45.95
2006-08-01,2006-08-07,46.58
2006-08-08,2006-08-14,45.06
2006-08-15,2006-08-21,44.75
2006-08-22,2006-08-28,45.99
2006-08-29,2006-09-04,47.0
2006-09-05,2006-09-11,48.96
2006-09-12,2006-09-18,51.69
2006-09-19,2006-09-25,52.49
2006-09-26,2006-10-02,54.01
2006-10-03,2006-10-09,53.54
2006-10-10,2006-10-16,54.18
2006-10-17,2006-10-23,55.45
2006-10-24,2006-10-30,57.99
2006-10-31,2006-11-06,59.8
2006-11-07,2006-11-13,63.4
2006-11-14,2006-11-20,62.3
2006-11-21,2006-11-27,63.63
2006-11-28,2006-12-04,64.25
2006-12-05,2006-12-11,61.31
2006-12-12,2006-12-18,59.98
2006-12-19,2006-12-25,50.32
2006-12-26,2007-01-01,51.48
2007-01-02,2007-01-08,53.56
2007-01-09,2007-01-15,55.04
2007-01-16,2007-01-22,57.58
2007-01-23,2007-01-29,60.63
2007-01-30,2007-02-05,59.29
2007-02-06,2007-02-12,56.98
2007-02-13,2007-02-19,56.7
2007-02-20,2007-02-26,54.99
2007-02-27,2007-03-05,57.65
2007-03-06,2007-03-12,58.49
2007-03-13,2007-03-19,51.73
2007-03-20,2007-03-26,50.78
2007-03-27,2007-04-02,47.19
2007-04-03,2007-04-09,52.11
2007-04-10,2007-04-16,51.67
2007-04-17,2007-04-23,53.97
2007-04-24,2007-04-30,53.63
2007-05-01,2007-05-07,53.61
2007-05-08,2007-05-14,54.45
2007-05-15,2007-05-21,52.6
2007-05-22,2007-05-28,52.34
2007-05-29,2007-06-04,51.1
2007-06-05,2007-06-11,50.41
2007-06-12,2007-06-18,52.01
2007-06-19,2007-06-25,50.37
2007-06-26,2007-07-02,49.42
2007-07-03,2007-07-09,49.21
2007-07-10,2007-07-16,46.39
2007-07-17,2007-07-23,45.56
2007-07-24,2007-07-30,42.98
2007-07-31,2007-08-06,41.65
2007-08-07,2007-08-13,39.89
2007-08-14,2007-08-20,40.69
2007-08-21,2007-08-27,41.16
2007-08-28,2007-09-03,43.48
2007-09-04,2007-09-10,43.83
2007-09-11,2007-09-17,46.16
2007-09-18,2007-09-24,47.96
2007-09-25,2007-10-01,47.87
2007-10-02,2007-10-08,47.38
2007-10-09,2007-10-15,47.53
2007-10-16,2007-10-22,48.02
2007-10-23,2007-10-29,51.17
2007-10-30,2007-11-05,55.08
2007-11-06,2007-11-12,52.4
2007-11-13,2007-11-19,48.66
2007-11-20,2007-11-26,46.47
2007-11-27,2007-12-03,49.97
2007-12-04,2007-12-10,48.08
2007-12-11,2007-12-17,50.5
2007-12-18,2007-12-24,52.23
2007-12-25,2007-12-31,52.22
2008-01-01,2008-01-07,49.27
2008-01-08,2008-01-14,47.79
2008-01-15,2008-01-21,46.72
2008-01-22,2008-01-28,48.3
2008-01-29,2008-02-04,47.79
2008-02-05,2008-02-11,48.18
2008-02-12,2008-02-18,45.87
2008-02-19,2008-02-25,48.47
2008-02-26,2008-03-03,51.42
2008-03-04,2008-03-10,52.92
2008-03-11,2008-03-17,53.96
2008-03-18,2008-03-24,53.99
2008-03-25,2008-03-31,54.17
2008-04-01,2008-04-07,53.15
2008-04-08,2008-04-14,55.89
2008-04-15,2008-04-21,56.47
2008-04-22,2008-04-28,56.48
2008-04-29,2008-05-05,54.41
2008-05-06,2008-05-12,54.89
2008-05-13,2008-05-19,55.92
2008-05-20,2008-05-26,57.25
2008-05-27,2008-06-02,62.92
2008-06-03,2008-06-09,61.64
2008-06-10,2008-06-16,56.33
2008-06-17,2008-06-23,59.8
2008-06-24,2008-06-30,59.53
2008-07-01,2008-07-07,59.9
2008-07-08,2008-07-14,59.57
2008-07-15,2008-07-21,59.58
2008-07-22,2008-07-28,56.05
2008-07-29,2008-08-04,57.11
2008-08-05,2008-08-11,55.37
2008-08-12,2008-08-18,56.58
2008-08-19,2008-08-25,57.07
2008-08-26,2008-09-01,55.41
2008-09-02,2008-09-08,56.33
2008-09-09,2008-09-15,59.59
2008-09-16,2008-09-22,59.18
2008-09-23,2008-09-29,58.65
2008-09-30,2008-10-06,57.13
2008-10-07,2008-10-13,57.66
2008-10-14,2008-10-20,60.47
2008-10-21,2008-10-27,59.1
2008-10-28,2008-11-03,61.76
2008-11-04,2008-11-10,59.94
2008-11-11,2008-11-17,61.17
2008-11-18,2008-11-24,60.31
2008-11-25,2008-12-01,59.24
2008-12-02,2008-12-08,56.63
2008-12-09,2008-12-15,56.51
2008-12-16,2008-12-22,56.85
2008-12-23,2008-12-29,57.89
2008-12-30,2009-01-05,61.14
2009-01-06,2009-01-12,60.73
2009-01-13,2009-01-19,61.17
2009-01-20,2009-01-26,61.2
2009-01-27,2009-02-02,58.18
2009-02-03,2009-02-09,59.23
2009-02-10,2009-02-16,55.37
2009-02-17,2009-02-23,57.03
2009-02-24,2009-03-02,56.82
2009-03-03,2009-03-09,54.05
2009-03-10,2009-03-16,54.48
2009-03-17,2009-03-23,54.67
2009-03-24,2009-03-30,52.09
2009-03-31,2009-04-06,57.67
2009-04-07,2009-04-13,60.99
2009-04-14,2009-04-20,61.96
2009-04-21,2009-04-27,62.13
2009-04-28,2009-05-04,60.89
2009-05-05,2009-05-11,66.05
2009-05-12,2009-05-18,68.94
2009-05-19,2009-05-25,69.89
2009-05-26,2009-06-01,72.43
2009-06-02,2009-06-08,69.92
2009-06-09,2009-06-15,69.17
2009-06-16,2009-06-22,69.4
2009-06-23,2009-06-29,71.9
2009-06-30,2009-07-06,69.36
2009-07-07,2009-07-13,67.85
2009-07-14,2009-07-20,66.42
2009-07-21,2009-07-27,65.22
2009-07-28,2009-08-03,67.91
2009-08-04,2009-08-10,69.02
2009-08-11,2009-08-17,66.45
2009-08-18,2009-08-24,67.95
2009-08-25,2009-08-31,69.94
2009-09-01,2009-09-07,70.83
2009-09-08,2009-09-14,69.12
2009-09-15,2009-09-21,70.62
2009-09-22,2009-09-28,70.54
2009-09-29,2009-10-05,68.41
2009-10-06,2009-10-12,70.15
2009-10-13,2009-10-19,71.61
2009-10-20,2009-10-26,73.48
2009-10-27,2009-11-02,76.45
2009-11-03,2009-11-09,77.86
2009-11-10,2009-11-16,77.21
2009-11-17,2009-11-23,78.26
2009-11-24,2009-11-30,76.34
2009-12-01,2009-12-07,76.36
2009-12-08,2009-12-14,76.33
2009-12-15,2009-12-21,74.27
2009-12-22,2009-12-28,74.39
2009-12-29,2010-01-04,71.94
2010-01-05,2010-01-11,71.94
2010-01-12,2010-01-18,67.6
2010-01-19,2010-01-25,67.85
2010-01-26,2010-02-01,70.2
2010-02-02,2010-02-08,70.89
2010-02-09,2010-02-15,70.84
2010-02-16,2010-02-22,69.78
2010-02-23,2010-03-01,70.12
2010-03-02,2010-03-08,70.51
2010-03-09,2010-03-15,68.89
2010-03-16,2010-03-22,70.51
2010-03-23,2010-03-29,71.16
2010-03-30,2010-04-05,70.78
2010-04-06,2010-04-12,69.46
2010-04-13,2010-04-19,66.9
2010-04-20,2010-04-26,67.16
2010-04-27,2010-05-03,65.89
2010-05-04,2010-05-10,67.27
2010-05-11,2010-05-17,67.8
2010-05-18,2010-05-24,71.91
2010-05-25,2010-05-31,73.52
2010-06-01,2010-06-07,70.67
2010-06-08,2010-06-14,75.23
2010-06-15,2010-06-21,74.39
2010-06-22,2010-06-28,71.32
2010-06-29,2010-07-05,71.48
2010-07-06,2010-07-12,73.0
2010-07-13,2010-07-19,72.69
2010-07-20,2010-07-26,71.08
2010-07-27,2010-08-02,73.48
2010-08-03,2010-08-09,75.51
2010-08-10,2010-08-16,74.82
2010-08-17,2010-08-23,72.92
2010-08-24,2010-08-30,74.24
2010-08-31,2010-09-06,70.4
2010-09-07,2010-09-13,72.54
2010-09-14,2010-09-20,70.57
2010-09-21,2010-09-27,66.36
2010-09-28,2010-10-04,61.92
2010-10-05,2010-10-11,64.92
2010-10-12,2010-10-18,63.52
2010-10-19,2010-10-25,61.94
2010-10-26,2010-11-01,65.18
2010-11-02,2010-11-08,63.24
2010-11-09,2010-11-15,62.12
2010-11-16,2010-11-22,60.92
2010-11-23,2010-11-29,61.74
2010-11-30,2010-12-06,61.12
2010-12-07,2010-12-13,61.19
2010-12-14,2010-12-20,61.45
2010-12-21,2010-12-27,62.14
2010-12-28,2011-01-03,62.22
2011-01-04,2011-01-10,63.43
2011-01-11,2011-01-17,63.5
2011-01-18,2011-01-24,62.41
2011-01-25,2011-01-31,61.5
2011-02-01,2011-02-07,58.35
2011-02-08,2011-02-14,59.1
2011-02-15,2011-02-21,58.28
2011-02-22,2011-02-28,60.56
2011-03-01,2011-03-07,61.27
2011-03-08,2011-03-14,63.12
2011-03-15,2011-03-21,64.29
2011-03-22,2011-03-28,64.11
2011-03-29,2011-04-04,65.0
2011-04-05,2011-04-11,65.61
2011-04-12,2011-04-18,65.71
2011-04-19,2011-04-25,66.31
2011-04-26,2011-05-02,68.32
2011-05-03,2011-05-09,69.0
2011-05-10,2011-05-16,68.98
2011-05-17,2011-05-23,70.23
2011-05-24,2011-05-30,70.78
2011-05-31,2011-06-06,71.01
2011-06-07,2011-06-13,68.72
2011-06-14,2011-06-20,68.11
2011-06-21,2011-06-27,68.4
2011-06-28,2011-07-04,65.21
2011-07-05,2011-07-11,65.31
2011-07-12,2011-07-18,66.75
2011-07-19,2011-07-25,66.05
2011-07-26,2011-08-01,62.97
2011-08-02,2011-08-08,60.03
2011-08-09,2011-08-15,60.05
2011-08-16,2011-08-22,60.16
2011-08-23,2011-08-29,59.88
2011-08-30,2011-09-05,59.26
2011-09-06,2011-09-12,63.05
2011-09-13,2011-09-19,62.08
2011-09-20,2011-09-26,64.09
2011-09-27,2011-10-03,63.45
2011-10-04,2011-10-10,62.35
2011-10-11,2011-10-17,64.6
2011-10-18,2011-10-24,65.85
2011-10-25,2011-10-31,65.54
2011-11-01,2011-11-07,63.88
2011-11-08,2011-11-14,62.95
2011-11-15,2011-11-21,63.18
2011-11-22,2011-11-28,63.91
2011-11-29,2011-12-05,65.58
2011-12-06,2011-12-12,65.86
2011-12-13,2011-12-19,64.07
2011-12-20,2011-12-26,64.18
2011-12-27,2012-01-02,58.87
2012-01-03,2012-01-09,58.47
2012-01-10,2012-01-16,55.03
2012-01-17,2012-01-23,52.33
2012-01-24,2012-01-30,51.22
2012-01-31,2012-02-06,51.25
2012-02-07,2012-02-13,52.2
2012-02-14,2012-02-20,51.94
2012-02-21,2012-02-27,52.02
2012-02-28,2012-03-05,51.83
2012-03-06,2012-03-12,52.12
2012-03-13,2012-03-19,51.24
2012-03-20,2012-03-26,53.05
2012-03-27,2012-04-02,52.75
2012-04-03,2012-04-09,49.67
2012-04-10,2012-04-16,49.04
2012-04-17,2012-04-23,50.23
2012-04-24,2012-04-30,50.25
2012-05-01,2012-05-07,50.33
2012-05-08,2012-05-14,53.01
2012-05-15,2012-05-21,54.12
2012-05-22,2012-05-28,47.83
2012-05-29,2012-06-04,46.4
2012-06-05,2012-06-11,46.4
2012-06-12,2012-06-18,47.62
2012-06-19,2012-06-25,39.42
2012-06-26,2012-07-02,32.89
2012-07-03,2012-07-09,29.29
2012-07-10,2012-07-16,28.3
2012-07-17,2012-07-23,27.62
2012-07-24,2012-07-30,28.19
2012-07-31,2012-08-06,28.77
2012-08-07,2012-08-13,29.81
2012-08-14,2012-08-20,30.19
2012-08-21,2012-08-27,30.53
2012-08-28,2012-09-03,30.18
2012-09-04,2012-09-10,30.37
2012-09-11,2012-09-17,29.48
2012-09-18,2012-09-24,29.8
2012-09-25,2012-10-01,31.1
2012-10-02,2012-10-08,31.69
2012-10-09,2012-10-15,30.99
2012-10-16,2012-10-22,32.45
2012-10-23,2012-10-29,32.98
2012-10-30,2012-11-05,34.22
2012-11-06,2012-11-12,34.48
2012-11-13,2012-11-19,34.54
2012-11-20,2012-11-26,33.44
2012-11-27,2012-12-03,28.81
2012-12-04,2012-12-10,28.65
2012-12-11,2012-12-17,30.56
2012-12-18,2012-12-24,30.65
2012-12-25,2012-12-31,27.68
2013-01-01,2013-01-07,28.56
2013-01-08,2013-01-14,29.45
2013-01-15,2013-01-21,30.78
2013-01-22,2013-01-28,31.09
2013-01-29,2013-02-04,31.13
2013-02-05,2013-02-11,33.76
2013-02-12,2013-02-18,35.49
2013-02-19,2013-02-25,34.7
2013-02-26,2013-03-04,35.09
2013-03-05,2013-03-11,36.44
2013-03-12,2013-03-18,37.93
2013-03-19,2013-03-25,36.59
2013-03-26,2013-04-01,36.76
2013-04-02,2013-04-08,35.37
2013-04-09,2013-04-15,37.06
2013-04-16,2013-04-22,42.03
2013-04-23,2013-04-29,43.26
2013-04-30,2013-05-06,45.16
2013-05-07,2013-05-13,44.17
2013-05-14,2013-05-20,44.75
2013-05-21,2013-05-27,45.41
2013-05-28,2013-06-03,48.81
2013-06-04,2013-06-10,50.44
2013-06-11,2013-06-17,52.04
2013-06-18,2013-06-24,51.87
2013-06-25,2013-07-01,49.4
2013-07-02,2013-07-08,49.39
2013-07-09,2013-07-15,48.14
2013-07-16,2013-07-22,46.45
2013-07-23,2013-07-29,42.47
2013-07-30,2013-08-05,43.36
2013-08-06,2013-08-12,43.22
2013-08-13,2013-08-19,43.31
2013-08-20,2013-08-26,41.08
2013-08-27,2013-09-02,39.1
2013-09-03,2013-09-09,40.33
2013-09-10,2013-09-16,38.63
2013-09-17,2013-09-23,40.85
2013-09-24,2013-09-30,42.64
2013-10-01,2013-10-07,44.21
2013-10-08,2013-10-14,46.44
2013-10-15,2013-10-21,48.95
2013-10-22,2013-10-28,48.79
2013-10-29,2013-11-04,48.03
2013-11-05,2013-11-11,48.65
2013-11-12,2013-11-18,47.89
2013-11-19,2013-11-25,47.08
2013-11-26,2013-12-02,49.23
2013-12-03,2013-12-09,51.11
2013-12-10,2013-12-16,51.08
2013-12-17,2013-12-23,50.16
2013-12-24,2013-12-30,53.03
2013-12-31,2014-01-06,54.2
2014-01-07,2014-01-13,52.89
2014-01-14,2014-01-20,53.97
2014-01-21,2014-01-27,53.3
2014-01-28,2014-02-03,50.89
2014-02-04,2014-02-10,50.64
2014-02-11,2014-02-17,51.55
2014-02-18,2014-02-24,53.44
2014-02-25,2014-03-03,52.69
2014-03-04,2014-03-10,53.22
2014-03-11,2014-03-17,53.96
2014-03-18,2014-03-24,56.47
2014-03-25,2014-03-31,56.07
2014-04-01,2014-04-07,55.31
2014-04-08,2014-04-14,57.99
2014-04-15,2014-04-21,59.04
2014-04-22,2014-04-28,57.61
2014-04-29,2014-05-05,58.7
2014-05-06,2014-05-12,57.15
2014-05-13,2014-05-19,58.73
2014-05-20,2014-05-26,59.66
2014-05-27,2014-06-02,59.47
2014-06-03,2014-06-09,56.43
2014-06-10,2014-06-16,57.95
2014-06-17,2014-06-23,58.64
2014-06-24,2014-06-30,58.58
2014-07-01,2014-07-07,62.81
2014-07-08,2014-07-14,61.91
2014-07-15,2014-07-21,61.98
2014-07-22,2014-07-28,61.3
2014-07-29,2014-08-04,60.2
2014-08-05,2014-08-11,60.19
2014-08-12,2014-08-18,60.54
2014-08-19,2014-08-25,59.8
2014-08-26,2014-09-01,60.07
2014-09-02,2014-09-08,60.84
2014-09-09,2014-09-15,61.46
2014-09-16,2014-09-22,62.13
2014-09-23,2014-09-29,61.81
2014-09-30,2014-10-06,59.89
2014-10-07,2014-10-13,60.65
2014-10-14,2014-10-20,62.83
2014-10-21,2014-10-27,63.34
2014-10-28,2014-11-03,63.64
2014-11-04,2014-11-10,62.16
2014-11-11,2014-11-17,60.89
2014-11-18,2014-11-24,60.54
2014-11-25,2014-12-01,60.49
2014-12-02,2014-12-08,60.08
2014-12-09,2014-12-15,59.27
2014-12-16,2014-12-22,58.41
2014-12-23,2014-12-29,57.99
2014-12-30,2015-01-05,60.84
2015-01-06,2015-01-12,62.98
2015-01-13,2015-01-19,62.59
2015-01-20,2015-01-26,61.05
2015-01-27,2015-02-02,56.61
2015-02-03,2015-02-09,58.34
2015-02-10,2015-02-16,55.97
2015-02-17,2015-02-23,49.58
2015-02-24,2015-03-02,50.11
2015-03-03,2015-03-09,50.55
2015-03-10,2015-03-16,50.98
2015-03-17,2015-03-23,49.89
2015-03-24,2015-03-30,48.68
2015-03-31,2015-04-06,46.04
2015-04-07,2015-04-13,45.03
2015-04-14,2015-04-20,46.9
2015-04-21,2015-04-27,51.38
2015-04-28,2015-05-04,51.49
2015-05-05,2015-05-11,49.38
2015-05-12,2015-05-18,49.32
2015-05-19,2015-05-25,52.36
2015-05-26,2015-06-01,53.58
2015-06-02,2015-06-08,58.21
2015-06-09,2015-06-15,60.87
2015-06-16,2015-06-22,59.1
2015-06-23,2015-06-29,56.96
2015-06-30,2015-07-06,58.29
2015-07-07,2015-07-13,59.48
2015-07-14,2015-07-20,60.6
2015-07-21,2015-07-27,60.6
2015-07-28,2015-08-03,55.81
2015-08-04,2015-08-10,52.98
2015-08-11,2015-08-17,51.66
2015-08-18,2015-08-24,50.51
2015-08-25,2015-08-31,50.78
2015-09-01,2015-09-07,50.12
2015-09-08,2015-09-14,48.0
2015-09-15,2015-09-21,47.52
2015-09-22,2015-09-28,47.25
2015-09-29,2015-10-05,47.01
2015-10-06,2015-10-12,53.08
2015-10-13,2015-10-19,51.3
2015-10-20,2015-10-26,46.97
2015-10-27,2015-11-02,51.33
2015-11-03,2015-11-09,56.02
2015-11-10,2015-11-16,58.54
2015-11-17,2015-11-23,59.79
2015-11-24,2015-11-30,64.12
2015-12-01,2015-12-07,67.59
2015-12-08,2015-12-14,68.87
2015-12-15,2015-12-21,69.32
2015-12-22,2015-12-28,70.0
2015-12-29,2016-01-04,70.64
2016-01-05,2016-01-11,71.93
2016-01-12,2016-01-18,73.51
2016-01-19,2016-01-25,74.1
2016-01-26,2016-02-01,74.72
2016-02-02,2016-02-08,73.95
2016-02-09,2016-02-15,73.73
2016-02-16,2016-02-22,71.17
2016-02-23,2016-02-29,73.15
2016-03-01,2016-03-07,71.41
2016-03-08,2016-03-14,68.54
2016-03-15,2016-03-21,69.21
2016-03-22,2016-03-28,68.16
2016-03-29,2016-04-04,64.69
2016-04-05,2016-04-11,65.56
2016-04-12,2016-04-18,63.38
2016-04-19,2016-04-25,63.33
2016-04-26,2016-05-02,63.02
2016-05-03,2016-05-09,67.86
2016-05-10,2016-05-16,70.76
2016-05-17,2016-05-23,71.99
2016-05-24,2016-05-30,71.17
2016-05-31,2016-06-06,70.62
2016-06-07,2016-06-13,68.12
2016-06-14,2016-06-20,64.55
2016-06-21,2016-06-27,61.05
2016-06-28,2016-07-04,59.24
2016-07-05,2016-07-11,59.31
2016-07-12,2016-07-18,59.18
2016-07-19,2016-07-25,55.46
2016-07-26,2016-08-01,53.86
2016-08-02,2016-08-08,54.55
2016-08-09,2016-08-15,53.79
2016-08-16,2016-08-22,57.46
2016-08-23,2016-08-29,62.02
2016-08-30,2016-09-05,62.3
2016-09-06,2016-09-12,63.06
2016-09-13,2016-09-19,63.05
2016-09-20,2016-09-26,62.35
2016-09-27,2016-10-03,61.21
2016-10-04,2016-10-10,63.37
2016-10-11,2016-10-17,62.71
2016-10-18,2016-10-24,61.23
2016-10-25,2016-10-31,61.26
2016-11-01,2016-11-07,58.42
2016-11-08,2016-11-14,57.63
2016-11-15,2016-11-21,55.05
2016-11-22,2016-11-28,52.54
2016-11-29,2016-12-05,51.45
2016-12-06,2016-12-12,52.7
2016-12-13,2016-12-19,53.21
2016-12-20,2016-12-26,52.75
2016-12-27,2017-01-02,56.09
2017-01-03,2017-01-09,59.71
2017-01-10,2017-01-16,63.43
2017-01-17,2017-01-23,65.23
2017-01-24,2017-01-30,71.05
2017-01-31,2017-02-06,71.75
2017-02-07,2017-02-13,72.56
2017-02-14,2017-02-20,71.99
2017-02-21,2017-02-27,68.43
2017-02-28,2017-03-06,66.03
2017-03-07,2017-03-13,67.44
2017-03-14,2017-03-20,68.23
2017-03-21,2017-03-27,64.56
2017-03-28,2017-04-03,65.12
2017-04-04,2017-04-10,69.97
2017-04-11,2017-04-17,72.23
2017-04-18,2017-04-24,71.96
2017-04-25,2017-05-01,76.38
2017-05-02,2017-05-08,82.63
2017-05-09,2017-05-15,81.96
2017-05-16,2017-05-22,80.74
2017-05-23,2017-05-29,82.66
2017-05-30,2017-06-05,79.29
2017-06-06,2017-06-12,80.3
2017-06-13,2017-06-19,77.73
2017-06-20,2017-06-26,77.54
2017-06-27,2017-07-03,76.8
2017-07-04,2017-07-10,76.18
2017-07-11,2017-07-17,75.54
2017-07-18,2017-07-24,68.83
2017-07-25,2017-07-31,66.25
2017-08-01,2017-08-07,67.99
2017-08-08,2017-08-14,69.72
2017-08-15,2017-08-21,74.67
2017-08-22,2017-08-28,75.19
2017-08-29,2017-09-04,74.24
2017-09-05,2017-09-11,73.38
2017-09-12,2017-09-18,71.59
2017-09-19,2017-09-25,69.04
2017-09-26,2017-10-02,68.98
2017-10-03,2017-10-09,67.38
2017-10-10,2017-10-16,68.03
2017-10-17,2017-10-23,68.29
2017-10-24,2017-10-30,69.49
2017-10-31,2017-11-06,71.88
2017-11-07,2017-11-13,72.48
2017-11-14,2017-11-20,70.65
2017-11-21,2017-11-27,69.15
2017-11-28,2017-12-04,64.27
2017-12-05,2017-12-11,60.14
2017-12-12,2017-12-18,54.04
2017-12-19,2017-12-25,52.51
2017-12-26,2018-01-01,54.23
2018-01-02,2018-01-08,53.52
2018-01-09,2018-01-15,51.6
2018-01-16,2018-01-22,48.99
2018-01-23,2018-01-29,47.74
2018-01-30,2018-02-05,38.07
2018-02-06,2018-02-12,39.68
2018-02-13,2018-02-19,45.08
2018-02-20,2018-02-26,46.15
2018-02-27,2018-03-05,50.03
2018-03-06,2018-03-12,51.86
2018-03-13,2018-03-19,52.16
2018-03-20,2018-03-26,54.89
2018-03-27,2018-04-02,55.52
2018-04-03,2018-04-09,58.55
2018-04-10,2018-04-16,59.42
2018-04-17,2018-04-23,62.5
2018-04-24,2018-04-30,62.77
2018-05-01,2018-05-07,62.55
2018-05-08,2018-05-14,61.14
2018-05-15,2018-05-21,60.14
2018-05-22,2018-05-28,63.48
2018-05-29,2018-06-04,64.09
2018-06-05,2018-06-11,60.96
2018-06-12,2018-06-18,59.8
2018-06-19,2018-06-25,59.56
2018-06-26,2018-07-02,58.23
2018-07-03,2018-07-09,57.96
2018-07-10,2018-07-16,58.3
2018-07-17,2018-07-23,57.04
2018-07-24,2018-07-30,54.17
2018-07-31,2018-08-06,53.49
2018-08-07,2018-08-13,53.78
2018-08-14,2018-08-20,50.54
2018-08-21,2018-08-27,51.3
2018-08-28,2018-09-03,52.47
2018-09-04,2018-09-10,54.28
2018-09-11,2018-09-17,57.06
2018-09-18,2018-09-24,57.2
2018-09-25,2018-10-01,58.63
2018-10-02,2018-10-08,59.47
2018-10-09,2018-10-15,62.86
2018-10-16,2018-10-22,67.02
2018-10-23,2018-10-29,67.19
2018-10-30,2018-11-05,68.48
2018-11-06,2018-11-12,69.26
2018-11-13,2018-11-19,69.67
2018-11-20,2018-11-26,70.95
2018-11-27,2018-12-03,70.6
2018-12-04,2018-12-10,71.76
2018-12-11,2018-12-17,71.52
2018-12-18,2018-12-24,71.23
2018-12-25,2018-12-31,70.52
2019-01-01,2019-01-07,73.06
2019-01-08,2019-01-14,73.47
2019-01-15,2019-01-21,72.6
2019-01-22,2019-01-28,72.91
2019-01-29,2019-02-04,73.91
2019-02-05,2019-02-11,73.63
2019-02-12,2019-02-18,71.95
2019-02-19,2019-02-25,73.92
2019-02-26,2019-03-04,76.6
2019-03-05,2019-03-11,76.82
2019-03-12,2019-03-18,80.6
2019-03-19,2019-03-25,83.28
2019-03-26,2019-04-01,83.47
2019-04-02,2019-04-08,81.59
2019-04-09,2019-04-15,83.72
2019-04-16,2019-04-22,87.07
2019-04-23,2019-04-29,88.55
2019-04-30,2019-05-06,89.58
2019-05-07,2019-05-13,90.68
2019-05-14,2019-05-20,91.5
2019-05-21,2019-05-27,91.01
2019-05-28,2019-06-03,88.74
2019-06-04,2019-06-10,88.06
2019-06-11,2019-06-17,90.04
2019-06-18,2019-06-24,88.85
2019-06-25,2019-07-01,89.37
2019-07-02,2019-07-08,89.5
2019-07-09,2019-07-15,80.66
2019-07-16,2019-07-22,80.42
2019-07-23,2019-07-29,79.49
2019-07-30,2019-08-05,77.16
2019-08-06,2019-08-12,76.05
2019-08-13,2019-08-19,74.7
2019-08-20,2019-08-26,72.41
2019-08-27,2019-09-02,71.2
2019-09-03,2019-09-09,70.19
2019-09-10,2019-09-16,69.27
2019-09-17,2019-09-23,67.47
2019-09-24,2019-09-30,64.43
2019-10-01,2019-10-07,65.15
2019-10-08,2019-10-14,67.35
2019-10-15,2019-10-21,64.96
2019-10-22,2019-10-28,67.01
2019-10-29,2019-11-04,70.15
2019-11-05,2019-11-11,75.01
2019-11-12,2019-11-18,73.37
2019-11-19,2019-11-25,73.58
2019-11-26,2019-12-02,70.89
2019-12-03,2019-12-09,72.03
2019-12-10,2019-12-16,75.27
2019-12-17,2019-12-23,76.14
2019-12-24,2019-12-30,77.34
2019-12-31,2020-01-06,78.53
2020-01-07,2020-01-13,78.78
2020-01-14,2020-01-20,79.49
2020-01-21,2020-01-27,78.18
2020-01-28,2020-02-03,76.11
2020-02-04,2020-02-10,76.93
2020-02-11,2020-02-17,78.22
2020-02-18,2020-02-24,79.05
2020-02-25,2020-03-02,79.74
2020-03-03,2020-03-09,79.1
2020-03-10,2020-03-16,79.69
2020-03-17,2020-03-23,79.17
2020-03-24,2020-03-30,79.05
2020-03-31,2020-04-06,78.92
2020-04-07,2020-04-13,78.67
2020-04-14,2020-04-20,78.62
2020-04-21,2020-04-27,77.5
2020-04-28,2020-05-04,76.0
2020-05-05,2020-05-11,74.25
2020-05-12,2020-05-18,71.28
2020-05-19,2020-05-25,70.1
2020-05-26,2020-06-01,71.1
2020-06-02,2020-06-08,69.84
2020-06-09,2020-06-15,67.53
2020-06-16,2020-06-22,63.27
2020-06-23,2020-06-29,62.43
2020-06-30,2020-07-06,61.85
2020-07-07,2020-07-13,58.37
2020-07-14,2020-07-20,56.01
2020-07-21,2020-07-27,52.47
2020-07-28,2020-08-03,52.16
2020-08-04,2020-08-10,53.51
2020-08-11,2020-08-17,54.43
2020-08-18,2020-08-24,53.51
2020-08-25,2020-08-31,50.01
2020-09-01,2020-09-07,46.27
2020-09-08,2020-09-14,47.06
2020-09-15,2020-09-21,47.0
2020-09-22,2020-09-28,46.13
2020-09-29,2020-10-05,44.5
2020-10-06,2020-10-12,44.96
2020-10-13,2020-10-19,43.34
2020-10-20,2020-10-26,42.39
2020-10-27,2020-11-02,44.04
2020-11-03,2020-11-09,45.93
2020-11-10,2020-11-16,44.2
2020-11-17,2020-11-23,44.05
2020-11-24,2020-11-30,41.75
2020-12-01,2020-12-07,42.28
2020-12-08,2020-12-14,41.8
2020-12-15,2020-12-21,42.17
2020-12-22,2020-12-28,42.53
2020-12-29,2021-01-04,43.05
2021-01-05,2021-01-11,47.06
2021-01-12,2021-01-18,45.72
2021-01-19,2021-01-25,44.3
2021-01-26,2021-02-01,45.25
2021-02-02,2021-02-08,43.02
2021-02-09,2021-02-15,42.9
2021-02-16,2021-02-22,43.09
2021-02-23,2021-03-01,43.56
2021-03-02,2021-03-08,44.98
2021-03-09,2021-03-15,38.72
2021-03-16,2021-03-22,39.31
2021-03-23,2021-03-29,40.69
2021-03-30,2021-04-05,41.38
2021-04-06,2021-04-12,41.5
2021-04-13,2021-04-19,44.37
2021-04-20,2021-04-26,42.58
2021-04-27,2021-05-03,39.39
2021-05-04,2021-05-10,41.59
2021-05-11,2021-05-17,45.38
2021-05-18,2021-05-24,46.59
2021-05-25,2021-05-31,45.2
2021-06-01,2021-06-07,47.18
2021-06-08,2021-06-14,46.4
2021-06-15,2021-06-21,47.31
2021-06-22,2021-06-28,46.82
2021-06-29,2021-07-05,48.65
2021-07-06,2021-07-12,47.62
2021-07-13,2021-07-19,49.08
2021-07-20,2021-07-26,49.94
2021-07-27,2021-08-02,50.57
2021-08-03,2021-08-09,50.79
2021-08-10,2021-08-16,49.69
2021-08-17,2021-08-23,49.65
2021-08-24,2021-08-30,51.34
2021-08-31,2021-09-06,53.47
2021-09-07,2021-09-13,54.02
2021-09-14,2021-09-20,51.01
2021-09-21,2021-09-27,49.0
2021-09-28,2021-10-04,47.51
2021-10-05,2021-10-11,47.75
2021-10-12,2021-10-18,47.61
2021-10-19,2021-10-25,48.34
2021-10-26,2021-11-01,46.23
2021-11-02,2021-11-08,47.41
2021-11-09,2021-11-15,47.24
2021-11-16,2021-11-22,46.77
2021-11-23,2021-11-29,45.03
2021-11-30,2021-12-06,42.07
2021-12-07,2021-12-13,39.59
2021-12-14,2021-12-20,38.04
2021-12-21,2021-12-27,39.37
2021-12-28,2022-01-03,38.5
2022-01-04,2022-01-10,39.91
2022-01-11,2022-01-17,39.92
2022-01-18,2022-01-24,40.65
2022-01-25,2022-01-31,40.59
2022-02-01,2022-02-07,39.41
2022-02-08,2022-02-14,40.34
2022-02-15,2022-02-21,39.18
2022-02-22,2022-02-28,38.52
2022-03-01,2022-03-07,38.38
2022-03-08,2022-03-14,37.05
2022-03-15,2022-03-21,37.76
2022-03-22,2022-03-28,39.74
2022-03-29,2022-04-04,41.7
2022-04-05,2022-04-11,41.92
2022-04-12,2022-04-18,43.47
2022-04-19,2022-04-25,44.84
2022-04-26,2022-05-02,45.79
2022-05-03,2022-05-09,45.95
2022-05-10,2022-05-16,48.19
2022-05-17,2022-05-23,46.57
2022-05-24,2022-05-30,46.62
2022-05-31,2022-06-06,48.43
2022-06-07,2022-06-13,45.1
2022-06-14,2022-06-20,44.8
2022-06-21,2022-06-27,40.18
2022-06-28,2022-07-04,34.97
2022-07-05,2022-07-11,33.92
2022-07-12,2022-07-18,35.33
2022-07-19,2022-07-25,36.68
2022-07-26,2022-08-01,39.59
2022-08-02,2022-08-08,43.25
2022-08-09,2022-08-15,44.53
2022-08-16,2022-08-22,43.68
2022-08-23,2022-08-29,45.67
2022-08-30,2022-09-05,45.63
2022-09-06,2022-09-12,46.46
2022-09-13,2022-09-19,44.36
2022-09-20,2022-09-26,42.08
2022-09-27,2022-10-03,36.92
2022-10-04,2022-10-10,35.17
2022-10-11,2022-10-17,31.52
2022-10-18,2022-10-24,31.14
2022-10-25,2022-10-31,29.28
2022-11-01,2022-11-07,28.61
2022-11-08,2022-11-14,28.85
2022-11-15,2022-11-21,31.47
2022-11-22,2022-11-28,31.58
2022-11-29,2022-12-05,33.27
2022-12-06,2022-12-12,34.26
2022-12-13,2022-12-19,35.03
2022-12-20,2022-12-26,38.17
2022-12-27,2023-01-02,38.05
2023-01-03,2023-01-09,41.85
2023-01-10,2023-01-16,44.32
2023-01-17,2023-01-23,45.63
2023-01-24,2023-01-30,47.25
2023-01-31,2023-02-06,48.39
2023-02-07,2023-02-13,49.5
2023-02-14,2023-02-20,52.02
2023-02-21,2023-02-27,51.98
2023-02-28,2023-03-06,54.03
2023-03-07,2023-03-13,54.13
2023-03-14,2023-03-20,56.09
2023-03-21,2023-03-27,55.97
2023-03-28,2023-04-03,56.53
2023-04-04,2023-04-10,56.86
2023-04-11,2023-04-17,60.49
2023-04-18,2023-04-24,61.08
2023-04-25,2023-05-01,61.48
2023-05-02,2023-05-08,61.6
2023-05-09,2023-05-15,61.87
2023-05-16,2023-05-22,65.41
2023-05-23,2023-05-29,66.06
2023-05-30,2023-06-05,58.13
2023-06-06,2023-06-12,54.28
2023-06-13,2023-06-19,54.29
2023-06-20,2023-06-26,53.06
2023-06-27,2023-07-03,54.86
2023-07-04,2023-07-10,56.25
2023-07-11,2023-07-17,58.67
2023-07-18,2023-07-24,58.38
2023-07-25,2023-07-31,57.19
2023-08-01,2023-08-07,55.74
2023-08-08,2023-08-14,54.65
2023-08-15,2023-08-21,56.01
2023-08-22,2023-08-28,56.68
2023-08-29,2023-09-04,56.62
2023-09-05,2023-09-11,56.21
2023-09-12,2023-09-18,55.18
2023-09-19,2023-09-25,53.18
2023-09-26,2023-10-02,52.53
2023-10-03,2023-10-09,50.88
2023-10-10,2023-10-16,50.41
2023-10-17,2023-10-23,51.02
2023-10-24,2023-10-30,51.32
2023-10-31,2023-11-06,54.37
2023-11-07,2023-11-13,53.58
2023-11-14,2023-11-20,53.23
2023-11-21,2023-11-27,52.84
2023-11-28,2023-12-04,53.21
2023-12-05,2023-12-11,53.54
2023-12-12,2023-12-18,53.01
2023-12-19,2023-12-25,53.58
2023-12-26,2024-01-01,54.5
2024-01-02,2024-01-08,54.06
2024-01-09,2024-01-15,55.14
2024-01-16,2024-01-22,57.19
2024-01-23,2024-01-29,58.2
2024-01-30,2024-02-05,62.88
2024-02-06,2024-02-12,64.98
2024-02-13,2024-02-19,66.74
2024-02-20,2024-02-26,65.29
2024-02-27,2024-03-04,60.65
2024-03-05,2024-03-11,60.25
2024-03-12,2024-03-18,61.7
2024-03-19,2024-03-25,63.0
2024-03-26,2024-04-01,64.8
2024-04-02,2024-04-08,65.53
2024-04-09,2024-04-15,67.37
2024-04-16,2024-04-22,67.21
2024-04-23,2024-04-29,67.72
2024-04-30,2024-05-06,68.36
2024-05-07,2024-05-13,70.53
2024-05-14,2024-05-20,73.61
