numerical_row,start_date,end_date,delta_days_from_previous,missing_weeks_before,duplicate_start,ordered_after_previous,interval_days_inclusive
0,2000-01-04,2000-01-10,,0,0,1,7
1,2000-01-11,2000-01-17,7.0,0,0,1,7
2,2000-01-18,2000-01-24,7.0,0,0,1,7
3,2000-01-25,2000-01-31,7.0,0,0,1,7
4,2000-02-01,2000-02-07,7.0,0,0,1,7
5,2000-02-08,2000-02-14,7.0,0,0,1,7
6,2000-02-15,2000-02-21,7.0,0,0,1,7
7,2000-02-22,2000-02-28,7.0,0,0,1,7
8,2000-02-29,2000-03-06,7.0,0,0,1,7
9,2000-03-07,2000-03-13,7.0,0,0,1,7
10,2000-03-14,2000-03-20,7.0,0,0,1,7
11,2000-03-21,2000-03-27,7.0,0,0,1,7
12,2000-03-28,2000-04-03,7.0,0,0,1,7
13,2000-04-04,2000-04-10,7.0,0,0,1,7
14,2000-04-11,2000-04-17,7.0,0,0,1,7
15,2000-04-18,2000-04-24,7.0,0,0,1,7
16,2000-04-25,2000-05-01,7.0,0,0,1,7
17,2000-05-02,2000-05-08,7.0,0,0,1,7
18,2000-05-09,2000-05-15,7.0,0,0,1,7
19,2000-05-16,2000-05-22,7.0,0,0,1,7
20,2000-05-23,2000-05-29,7.0,0,0,1,7
21,2000-05-30,2000-06-05,7.0,0,0,1,7
22,2000-06-06,2000-06-12,7.0,0,0,1,7
23,2000-06-13,2000-06-19,7.0,0,0,1,7
24,2000-06-20,2000-06-26,7.0,0,0,1,7
25,2000-06-27,2000-07-03,7.0,0,0,1,7
26,2000-07-04,2000-07-10,7.0,0,0,1,7
27,2000-07-11,2000-07-17,7.0,0,0,1,7
28,2000-07-18,2000-07-24,7.0,0,0,1,7
29,2000-07-25,2000-07-31,7.0,0,0,1,7
30,2000-08-01,2000-08-07,7.0,0,0,1,7
31,2000-08-08,2000-08-14,7.0,0,0,1,7
32,2000-08-15,2000-08-21,7.0,0,0,1,7
33,2000-08-22,2000-08-28,7.0,0,0,1,7
34,2000-08-29,2000-09-04,7.0,0,0,1,7
35,2000-09-05,2000-09-11,7.0,0,0,1,7
36,2000-09-12,2000-09-18,7.0,0,0,1,7
37,2000-09-19,2000-09-25,7.0,0,0,1,7
38,2000-09-26,2000-10-02,7.0,0,0,1,7
39,2000-10-03,2000-10-09,7.0,0,0,1,7
40,2000-10-10,2000-10-16,7.0,0,0,1,7
41,2000-10-17,2000-10-23,7.0,0,0,1,7
42,2000-10-24,2000-10-30,7.0,0,0,1,7
43,2000-10-31,2000-11-06,7.0,0,0,1,7
44,2000-11-07,2000-11-13,7.0,0,0,1,7
45,2000-11-14,2000-11-20,7.0,0,0,1,7
46,2000-11-21,2000-11-27,7.0,0,0,1,7
47,2000-11-28,2000-12-04,7.0,0,0,1,7
48,2000-12-05,2000-12-11,7.0,0,0,1,7
49,2000-12-12,2000-12-18,7.0,0,0,1,7
50,2000-12-19,2000-12-25,7.0,0,0,1,7
51,2000-12-26,2001-01-01,7.0,0,0,1,7
52,2001-01-02,2001-01-08,7.0,0,0,1,7
53,2001-01-09,2001-01-15,7.0,0,0,1,7
54,2001-01-16,2001-01-22,7.0,0,0,1,7
55,2001-01-23,2001-01-29,7.0,0,0,1,7
56,2001-01-30,2001-02-05,7.0,0,0,1,7
57,2001-02-06,2001-02-12,7.0,0,0,1,7
58,2001-02-13,2001-02-19,7.0,0,0,1,7
59,2001-02-20,2001-02-26,7.0,0,0,1,7
60,2001-02-27,2001-03-05,7.0,0,0,1,7
61,2001-03-06,2001-03-12,7.0,0,0,1,7
62,2001-03-13,2001-03-19,7.0,0,0,1,7
63,2001-03-20,2001-03-26,7.0,0,0,1,7
64,2001-03-27,2001-04-02,7.0,0,0,1,7
65,2001-04-03,2001-04-09,7.0,0,0,1,7
66,2001-04-10,2001-04-16,7.0,0,0,1,7
67,2001-04-17,2001-04-23,7.0,0,0,1,7
68,2001-04-24,2001-04-30,7.0,0,0,1,7
69,2001-05-01,2001-05-07,7.0,0,0,1,7
70,2001-05-08,2001-05-14,7.0,0,0,1,7
71,2001-05-15,2001-05-21,7.0,0,0,1,7
72,2001-05-22,2001-05-28,7.0,0,0,1,7
73,2001-05-29,2001-06-04,7.0,0,0,1,7
74,2001-06-05,2001-06-11,7.0,0,0,1,7
75,2001-06-12,2001-06-18,7.0,0,0,1,7
76,2001-06-19,2001-06-25,7.0,0,0,1,7
77,2001-06-26,2001-07-02,7.0,0,0,1,7
78,2001-07-03,2001-07-09,7.0,0,0,1,7
79,2001-07-10,2001-07-16,7.0,0,0,1,7
80,2001-07-17,2001-07-23,7.0,0,0,1,7
81,2001-07-24,2001-07-30,7.0,0,0,1,7
82,2001-07-31,2001-08-06,7.0,0,0,1,7
83,2001-08-07,2001-08-13,7.0,0,0,1,7
84,2001-08-14,2001-08-20,7.0,0,0,1,7
85,2001-08-21,2001-08-27,7.0,0,0,1,7
86,2001-08-28,2001-09-03,7.0,0,0,1,7
87,2001-09-04,2001-09-10,7.0,0,0,1,7
88,2001-09-11,2001-09-17,7.0,0,0,1,7
89,2001-09-18,2001-09-24,7.0,0,0,1,7
90,2001-09-25,2001-10-01,7.0,0,0,1,7
91,2001-10-02,2001-10-08,7.0,0,0,1,7
92,2001-10-09,2001-10-15,7.0,0,0,1,7
93,2001-10-16,2001-10-22,7.0,0,0,1,7
94,2001-10-23,2001-10-29,7.0,0,0,1,7
95,2001-10-30,2001-11-05,7.0,0,0,1,7
96,2001-11-06,2001-11-12,7.0,0,0,1,7
97,2001-11-13,2001-11-19,7.0,0,0,1,7
98,2001-11-20,2001-11-26,7.0,0,0,1,7
99,2001-11-27,2001-12-03,7.0,0,0,1,7
100,2001-12-04,2001-12-10,7.0,0,0,1,7
101,2001-12-11,2001-12-17,7.0,0,0,1,7
102,2001-12-18,2001-12-24,7.0,0,0,1,7
103,2001-12-25,2001-12-31,7.0,0,0,1,7
104,2002-01-01,2002-01-07,7.0,0,0,1,7
105,2002-01-08,2002-01-14,7.0,0,0,1,7
106,2002-01-15,2002-01-21,7.0,0,0,1,7
107,2002-01-22,2002-01-28,7.0,0,0,1,7
108,2002-01-29,2002-02-04,7.0,0,0,1,7
109,2002-02-05,2002-02-11,7.0,0,0,1,7
110,2002-02-12,2002-02-18,7.0,0,0,1,7
111,2002-02-19,2002-02-25,7.0,0,0,1,7
112,2002-02-26,2002-03-04,7.0,0,0,1,7
113,2002-03-05,2002-03-11,7.0,0,0,1,7
114,2002-03-12,2002-03-18,7.0,0,0,1,7
115,2002-03-19,2002-03-25,7.0,0,0,1,7
116,2002-03-26,2002-04-01,7.0,0,0,1,7
117,2002-04-02,2002-04-08,7.0,0,0,1,7
118,2002-04-09,2002-04-15,7.0,0,0,1,7
119,2002-04-16,2002-04-22,7.0,0,0,1,7
120,2002-04-23,2002-04-29,7.0,0,0,1,7
121,2002-04-30,2002-05-06,7.0,0,0,1,7
122,2002-05-07,2002-05-13,7.0,0,0,1,7
123,2002-05-14,2002-05-20,7.0,0,0,1,7
124,2002-05-21,2002-05-27,7.0,0,0,1,7
125,2002-05-28,2002-06-03,7.0,0,0,1,7
126,2002-06-04,2002-06-10,7.0,0,0,1,7
127,2002-06-11,2002-06-17,7.0,0,0,1,7
128,2002-06-18,2002-06-24,7.0,0,0,1,7
129,2002-06-25,2002-07-01,7.0,0,0,1,7
130,2002-07-02,2002-07-08,7.0,0,0,1,7
131,2002-07-09,2002-07-15,7.0,0,0,1,7
132,2002-07-16,2002-07-22,7.0,0,0,1,7
133,2002-07-23,2002-07-29,7.0,0,0,1,7
134,2002-07-30,2002-08-05,7.0,0,0,1,7
135,2002-08-06,2002-08-12,7.0,0,0,1,7
136,2002-08-13,2002-08-19,7.0,0,0,1,7
137,2002-08-20,2002-08-26,7.0,0,0,1,7
138,2002-08-27,2002-09-02,7.0,0,0,1,7
139,2002-09-03,2002-09-09,7.0,0,0,1,7
140,2002-09-10,2002-09-16,7.0,0,0,1,7
141,2002-09-17,2002-09-23,7.0,0,0,1,7
142,2002-09-24,2002-09-30,7.0,0,0,1,7
143,2002-10-01,2002-10-07,7.0,0,0,1,7
144,2002-10-08,2002-10-14,7.0,0,0,1,7
145,2002-10-15,2002-10-21,7.0,0,0,1,7
146,2002-10-22,2002-10-28,7.0,0,0,1,7
147,2002-10-29,2002-11-04,7.0,0,0,1,7
148,2002-11-05,2002-11-11,7.0,0,0,1,7
149,2002-11-12,2002-11-18,7.0,0,0,1,7
150,2002-11-19,2002-11-25,7.0,0,0,1,7
151,2002-11-26,2002-12-02,7.0,0,0,1,7
152,2002-12-03,2002-12-09,7.0,0,0,1,7
153,2002-12-10,2002-12-16,7.0,0,0,1,7
154,2002-12-17,2002-12-23,7.0,0,0,1,7
155,2002-12-24,2002-12-30,7.0,0,0,1,7
156,2002-12-31,2003-01-06,7.0,0,0,1,7
157,2003-01-07,2003-01-13,7.0,0,0,1,7
158,2003-01-14,2003-01-20,7.0,0,0,1,7
159,2003-01-21,2003-01-27,7.0,0,0,1,7
160,2003-01-28,2003-02-03,7.0,0,0,1,7
161,2003-02-04,2003-02-10,7.0,0,0,1,7
162,2003-02-11,2003-02-17,7.0,0,0,1,7
163,2003-02-18,2003-02-24,7.0,0,0,1,7
164,2003-02-25,2003-03-03,7.0,0,0,1,7
165,2003-03-04,2003-03-10,7.0,0,0,1,7
166,2003-03-11,2003-03-17,7.0,0,0,1,7
167,2003-03-18,2003-03-24,7.0,0,0,1,7
168,2003-03-25,2003-03-31,7.0,0,0,1,7
169,2003-04-01,2003-04-07,7.0,0,0,1,7
170,2003-04-08,2003-04-14,7.0,0,0,1,7
171,2003-04-15,2003-04-21,7.0,0,0,1,7
172,2003-04-22,2003-04-28,7.0,0,0,1,7
173,2003-04-29,2003-05-05,7.0,0,0,1,7
174,2003-05-06,2003-05-12,7.0,0,0,1,7
175,2003-05-13,2003-05-19,7.0,0,0,1,7
176,2003-05-20,2003-05-26,7.0,0,0,1,7
177,2003-05-27,2003-06-02,7.0,0,0,1,7
178,2003-06-03,2003-06-09,7.0,0,0,1,7
179,2003-06-10,2003-06-16,7.0,0,0,1,7
180,2003-06-17,2003-06-23,7.0,0,0,1,7
181,2003-06-24,2003-06-30,7.0,0,0,1,7
182,2003-07-01,2003-07-07,7.0,0,0,1,7
183,2003-07-08,2003-07-14,7.0,0,0,1,7
184,2003-07-15,2003-07-21,7.0,0,0,1,7
185,2003-07-22,2003-07-28,7.0,0,0,1,7
186,2003-07-29,2003-08-04,7.0,0,0,1,7
187,2003-08-05,2003-08-11,7.0,0,0,1,7
188,2003-08-12,2003-08-18,7.0,0,0,1,7
189,2003-08-19,2003-08-25,7.0,0,0,1,7
190,2003-08-26,2003-09-01,7.0,0,0,1,7
191,2003-09-02,2003-09-08,7.0,0,0,1,7
192,2003-09-09,2003-09-15,7.0,0,0,1,7
193,2003-09-16,2003-09-22,7.0,0,0,1,7
194,2003-09-23,2003-09-29,7.0,0,0,1,7
195,2003-09-30,2003-10-06,7.0,0,0,1,7
196,2003-10-07,2003-10-13,7.0,0,0,1,7
197,2003-10-14,2003-10-20,7.0,0,0,1,7
198,2003-10-21,2003-10-27,7.0,0,0,1,7
199,2003-10-28,2003-11-03,7.0,0,0,1,7
200,2003-11-04,2003-11-10,7.0,0,0,1,7
201,2003-11-11,2003-11-17,7.0,0,0,1,7
202,2003-11-18,2003-11-24,7.0,0,0,1,7
203,2003-11-25,2003-12-01,7.0,0,0,1,7
204,2003-12-02,2003-12-08,7.0,0,0,1,7
205,2003-12-09,2003-12-15,7.0,0,0,1,7
206,2003-12-16,2003-12-22,7.0,0,0,1,7
207,2003-12-23,2003-12-29,7.0,0,0,1,7
208,2003-12-30,2004-01-05,7.0,0,0,1,7
209,2004-01-06,2004-01-12,7.0,0,0,1,7
210,2004-01-13,2004-01-19,7.0,0,0,1,7
211,2004-01-20,2004-01-26,7.0,0,0,1,7
212,2004-01-27,2004-02-02,7.0,0,0,1,7
213,2004-02-03,2004-02-09,7.0,0,0,1,7
214,2004-02-10,2004-02-16,7.0,0,0,1,7
215,2004-02-17,2004-02-23,7.0,0,0,1,7
216,2004-02-24,2004-03-01,7.0,0,0,1,7
217,2004-03-02,2004-03-08,7.0,0,0,1,7
218,2004-03-09,2004-03-15,7.0,0,0,1,7
219,2004-03-16,2004-03-22,7.0,0,0,1,7
220,2004-03-23,2004-03-29,7.0,0,0,1,7
221,2004-03-30,2004-04-05,7.0,0,0,1,7
222,2004-04-06,2004-04-12,7.0,0,0,1,7
223,2004-04-13,2004-04-19,7.0,0,0,1,7
224,2004-04-20,2004-04-26,7.0,0,0,1,7
225,2004-04-27,2004-05-03,7.0,0,0,1,7
226,2004-05-04,2004-05-10,7.0,0,0,1,7
227,2004-05-11,2004-05-17,7.0,0,0,1,7
228,2004-05-18,2004-05-24,7.0,0,0,1,7
229,2004-05-25,2004-05-31,7.0,0,0,1,7
230,2004-06-01,2004-06-07,7.0,0,0,1,7
231,2004-06-08,2004-06-14,7.0,0,0,1,7
232,2004-06-15,2004-06-21,7.0,0,0,1,7
233,2004-06-22,2004-06-28,7.0,0,0,1,7
234,2004-06-29,2004-07-05,7.0,0,0,1,7
235,2004-07-06,2004-07-12,7.0,0,0,1,7
236,2004-07-13,2004-07-19,7.0,0,0,1,7
237,2004-07-20,2004-07-26,7.0,0,0,1,7
238,2004-07-27,2004-08-02,7.0,0,0,1,7
239,2004-08-03,2004-08-09,7.0,0,0,1,7
240,2004-08-10,2004-08-16,7.0,0,0,1,7
241,2004-08-17,2004-08-23,7.0,0,0,1,7
242,2004-08-24,2004-08-30,7.0,0,0,1,7
243,2004-08-31,2004-09-06,7.0,0,0,1,7
244,2004-09-07,2004-09-13,7.0,0,0,1,7
245,2004-09-14,2004-09-20,7.0,0,0,1,7
246,2004-09-21,2004-09-27,7.0,0,0,1,7
247,2004-09-28,2004-10-04,7.0,0,0,1,7
248,2004-10-05,2004-10-11,7.0,0,0,1,7
249,2004-10-12,2004-10-18,7.0,0,0,1,7
250,2004-10-19,2004-10-25,7.0,0,0,1,7
251,2004-10-26,2004-11-01,7.0,0,0,1,7
252,2004-11-02,2004-11-08,7.0,0,0,1,7
253,2004-11-09,2004-11-15,7.0,0,0,1,7
254,2004-11-16,2004-11-22,7.0,0,0,1,7
255,2004-11-23,2004-11-29,7.0,0,0,1,7
256,2004-11-30,2004-12-06,7.0,0,0,1,7
257,2004-12-07,2004-12-13,7.0,0,0,1,7
258,2004-12-14,2004-12-20,7.0,0,0,1,7
259,2004-12-21,2004-12-27,7.0,0,0,1,7
260,2004-12-28,2005-01-03,7.0,0,0,1,7
261,2005-01-04,2005-01-10,7.0,0,0,1,7
262,2005-01-11,2005-01-17,7.0,0,0,1,7
263,2005-01-18,2005-01-24,7.0,0,0,1,7
264,2005-01-25,2005-01-31,7.0,0,0,1,7
265,2005-02-01,2005-02-07,7.0,0,0,1,7
266,2005-02-08,2005-02-14,7.0,0,0,1,7
267,2005-02-15,2005-02-21,7.0,0,0,1,7
268,2005-02-22,2005-02-28,7.0,0,0,1,7
269,2005-03-01,2005-03-07,7.0,0,0,1,7
270,2005-03-08,2005-03-14,7.0,0,0,1,7
271,2005-03-15,2005-03-21,7.0,0,0,1,7
272,2005-03-22,2005-03-28,7.0,0,0,1,7
273,2005-03-29,2005-04-04,7.0,0,0,1,7
274,2005-04-05,2005-04-11,7.0,0,0,1,7
275,2005-04-12,2005-04-18,7.0,0,0,1,7
276,2005-04-19,2005-04-25,7.0,0,0,1,7
277,2005-04-26,2005-05-02,7.0,0,0,1,7
278,2005-05-03,2005-05-09,7.0,0,0,1,7
279,2005-05-10,2005-05-16,7.0,0,0,1,7
280,2005-05-17,2005-05-23,7.0,0,0,1,7
281,2005-05-24,2005-05-30,7.0,0,0,1,7
282,2005-05-31,2005-06-06,7.0,0,0,1,7
283,2005-06-07,2005-06-13,7.0,0,0,1,7
284,2005-06-14,2005-06-20,7.0,0,0,1,7
285,2005-06-21,2005-06-27,7.0,0,0,1,7
286,2005-06-28,2005-07-04,7.0,0,0,1,7
287,2005-07-05,2005-07-11,7.0,0,0,1,7
288,2005-07-12,2005-07-18,7.0,0,0,1,7
289,2005-07-19,2005-07-25,7.0,0,0,1,7
290,2005-07-26,2005-08-01,7.0,0,0,1,7
291,2005-08-02,2005-08-08,7.0,0,0,1,7
292,2005-08-09,2005-08-15,7.0,0,0,1,7
293,2005-08-16,2005-08-22,7.0,0,0,1,7
294,2005-08-23,2005-08-29,7.0,0,0,1,7
295,2005-08-30,2005-09-05,7.0,0,0,1,7
296,2005-09-06,2005-09-12,7.0,0,0,1,7
297,2005-09-13,2005-09-19,7.0,0,0,1,7
298,2005-09-20,2005-09-26,7.0,0,0,1,7
299,2005-09-27,2005-10-03,7.0,0,0,1,7
300,2005-10-04,2005-10-10,7.0,0,0,1,7
301,2005-10-11,2005-10-17,7.0,0,0,1,7
302,2005-10-18,2005-10-24,7.0,0,0,1,7
303,2005-10-25,2005-10-31,7.0,0,0,1,7
304,2005-11-01,2005-11-07,7.0,0,0,1,7
305,2005-11-08,2005-11-14,7.0,0,0,1,7
306,2005-11-15,2005-11-21,7.0,0,0,1,7
307,2005-11-22,2005-11-28,7.0,0,0,1,7
308,2005-11-29,2005-12-05,7.0,0,0,1,7
309,2005-12-06,2005-12-12,7.0,0,0,1,7
310,2005-12-13,2005-12-19,7.0,0,0,1,7
311,2005-12-20,2005-12-26,7.0,0,0,1,7
312,2005-12-27,2006-01-02,7.0,0,0,1,7
313,2006-01-03,2006-01-09,7.0,0,0,1,7
314,2006-01-10,2006-01-16,7.0,0,0,1,7
315,2006-01-17,2006-01-23,7.0,0,0,1,7
316,2006-01-24,2006-01-30,7.0,0,0,1,7
317,2006-01-31,2006-02-06,7.0,0,0,1,7
318,2006-02-07,2006-02-13,7.0,0,0,1,7
319,2006-02-14,2006-02-20,7.0,0,0,1,7
320,2006-02-21,2006-02-27,7.0,0,0,1,7
321,2006-02-28,2006-03-06,7.0,0,0,1,7
322,2006-03-07,2006-03-13,7.0,0,0,1,7
323,2006-03-14,2006-03-20,7.0,0,0,1,7
324,2006-03-21,2006-03-27,7.0,0,0,1,7
325,2006-03-28,2006-04-03,7.0,0,0,1,7
326,2006-04-04,2006-04-10,7.0,0,0,1,7
327,2006-04-11,2006-04-17,7.0,0,0,1,7
328,2006-04-18,2006-04-24,7.0,0,0,1,7
329,2006-04-25,2006-05-01,7.0,0,0,1,7
330,2006-05-02,2006-05-08,7.0,0,0,1,7
331,2006-05-09,2006-05-15,7.0,0,0,1,7
332,2006-05-16,2006-05-22,7.0,0,0,1,7
333,2006-05-23,2006-05-29,7.0,0,0,1,7
334,2006-05-30,2006-06-05,7.0,0,0,1,7
335,2006-06-06,2006-06-12,7.0,0,0,1,7
336,2006-06-13,2006-06-19,7.0,0,0,1,7
337,2006-06-20,2006-06-26,7.0,0,0,1,7
338,2006-06-27,2006-07-03,7.0,0,0,1,7
339,2006-07-04,2006-07-10,7.0,0,0,1,7
340,2006-07-11,2006-07-17,7.0,0,0,1,7
341,2006-07-18,2006-07-24,7.0,0,0,1,7
342,2006-07-25,2006-07-31,7.0,0,0,1,7
343,2006-08-01,2006-08-07,7.0,0,0,1,7
344,2006-08-08,2006-08-14,7.0,0,0,1,7
345,2006-08-15,2006-08-21,7.0,0,0,1,7
346,2006-08-22,2006-08-28,7.0,0,0,1,7
347,2006-08-29,2006-09-04,7.0,0,0,1,7
348,2006-09-05,2006-09-11,7.0,0,0,1,7
349,2006-09-12,2006-09-18,7.0,0,0,1,7
350,2006-09-19,2006-09-25,7.0,0,0,1,7
351,2006-09-26,2006-10-02,7.0,0,0,1,7
352,2006-10-03,2006-10-09,7.0,0,0,1,7
353,2006-10-10,2006-10-16,7.0,0,0,1,7
354,2006-10-17,2006-10-23,7.0,0,0,1,7
355,2006-10-24,2006-10-30,7.0,0,0,1,7
356,2006-10-31,2006-11-06,7.0,0,0,1,7
357,2006-11-07,2006-11-13,7.0,0,0,1,7
358,2006-11-14,2006-11-20,7.0,0,0,1,7
359,2006-11-21,2006-11-27,7.0,0,0,1,7
360,2006-11-28,2006-12-04,7.0,0,0,1,7
361,2006-12-05,2006-12-11,7.0,0,0,1,7
362,2006-12-12,2006-12-18,7.0,0,0,1,7
363,2006-12-19,2006-12-25,7.0,0,0,1,7
364,2006-12-26,2007-01-01,7.0,0,0,1,7
365,2007-01-02,2007-01-08,7.0,0,0,1,7
366,2007-01-09,2007-01-15,7.0,0,0,1,7
367,2007-01-16,2007-01-22,7.0,0,0,1,7
368,2007-01-23,2007-01-29,7.0,0,0,1,7
369,2007-01-30,2007-02-05,7.0,0,0,1,7
370,2007-02-06,2007-02-12,7.0,0,0,1,7
371,2007-02-13,2007-02-19,7.0,0,0,1,7
372,2007-02-20,2007-02-26,7.0,0,0,1,7
373,2007-02-27,2007-03-05,7.0,0,0,1,7
374,2007-03-06,2007-03-12,7.0,0,0,1,7
375,2007-03-13,2007-03-19,7.0,0,0,1,7
376,2007-03-20,2007-03-26,7.0,0,0,1,7
377,2007-03-27,2007-04-02,7.0,0,0,1,7
378,2007-04-03,2007-04-09,7.0,0,0,1,7
379,2007-04-10,2007-04-16,7.0,0,0,1,7
380,2007-04-17,2007-04-23,7.0,0,0,1,7
381,2007-04-24,2007-04-30,7.0,0,0,1,7
382,2007-05-01,2007-05-07,7.0,0,0,1,7
383,2007-05-08,2007-05-14,7.0,0,0,1,7
384,2007-05-15,2007-05-21,7.0,0,0,1,7
385,2007-05-22,2007-05-28,7.0,0,0,1,7
386,2007-05-29,2007-06-04,7.0,0,0,1,7
387,2007-06-05,2007-06-11,7.0,0,0,1,7
388,2007-06-12,2007-06-18,7.0,0,0,1,7
389,2007-06-19,2007-06-25,7.0,0,0,1,7
390,2007-06-26,2007-07-02,7.0,0,0,1,7
391,2007-07-03,2007-07-09,7.0,0,0,1,7
392,2007-07-10,2007-07-16,7.0,0,0,1,7
393,2007-07-17,2007-07-23,7.0,0,0,1,7
394,2007-07-24,2007-07-30,7.0,0,0,1,7
395,2007-07-31,2007-08-06,7.0,0,0,1,7
396,2007-08-07,2007-08-13,7.0,0,0,1,7
397,2007-08-14,2007-08-20,7.0,0,0,1,7
398,2007-08-21,2007-08-27,7.0,0,0,1,7
399,2007-08-28,2007-09-03,7.0,0,0,1,7
400,2007-09-04,2007-09-10,7.0,0,0,1,7
401,2007-09-11,2007-09-17,7.0,0,0,1,7
402,2007-09-18,2007-09-24,7.0,0,0,1,7
403,2007-09-25,2007-10-01,7.0,0,0,1,7
404,2007-10-02,2007-10-08,7.0,0,0,1,7
405,2007-10-09,2007-10-15,7.0,0,0,1,7
406,2007-10-16,2007-10-22,7.0,0,0,1,7
407,2007-10-23,2007-10-29,7.0,0,0,1,7
408,2007-10-30,2007-11-05,7.0,0,0,1,7
409,2007-11-06,2007-11-12,7.0,0,0,1,7
410,2007-11-13,2007-11-19,7.0,0,0,1,7
411,2007-11-20,2007-11-26,7.0,0,0,1,7
412,2007-11-27,2007-12-03,7.0,0,0,1,7
413,2007-12-04,2007-12-10,7.0,0,0,1,7
414,2007-12-11,2007-12-17,7.0,0,0,1,7
415,2007-12-18,2007-12-24,7.0,0,0,1,7
416,2007-12-25,2007-12-31,7.0,0,0,1,7
417,2008-01-01,2008-01-07,7.0,0,0,1,7
418,2008-01-08,2008-01-14,7.0,0,0,1,7
419,2008-01-15,2008-01-21,7.0,0,0,1,7
420,2008-01-22,2008-01-28,7.0,0,0,1,7
421,2008-01-29,2008-02-04,7.0,0,0,1,7
422,2008-02-05,2008-02-11,7.0,0,0,1,7
423,2008-02-12,2008-02-18,7.0,0,0,1,7
424,2008-02-19,2008-02-25,7.0,0,0,1,7
425,2008-02-26,2008-03-03,7.0,0,0,1,7
426,2008-03-04,2008-03-10,7.0,0,0,1,7
427,2008-03-11,2008-03-17,7.0,0,0,1,7
428,2008-03-18,2008-03-24,7.0,0,0,1,7
429,2008-03-25,2008-03-31,7.0,0,0,1,7
430,2008-04-01,2008-04-07,7.0,0,0,1,7
431,2008-04-08,2008-04-14,7.0,0,0,1,7
432,2008-04-15,2008-04-21,7.0,0,0,1,7
433,2008-04-22,2008-04-28,7.0,0,0,1,7
434,2008-04-29,2008-05-05,7.0,0,0,1,7
435,2008-05-06,2008-05-12,7.0,0,0,1,7
436,2008-05-13,2008-05-19,7.0,0,0,1,7
437,2008-05-20,2008-05-26,7.0,0,0,1,7
438,2008-05-27,2008-06-02,7.0,0,0,1,7
439,2008-06-03,2008-06-09,7.0,0,0,1,7
440,2008-06-10,2008-06-16,7.0,0,0,1,7
441,2008-06-17,2008-06-23,7.0,0,0,1,7
442,2008-06-24,2008-06-30,7.0,0,0,1,7
443,2008-07-01,2008-07-07,7.0,0,0,1,7
444,2008-07-08,2008-07-14,7.0,0,0,1,7
445,2008-07-15,2008-07-21,7.0,0,0,1,7
446,2008-07-22,2008-07-28,7.0,0,0,1,7
447,2008-07-29,2008-08-04,7.0,0,0,1,7
448,2008-08-05,2008-08-11,7.0,0,0,1,7
449,2008-08-12,2008-08-18,7.0,0,0,1,7
450,2008-08-19,2008-08-25,7.0,0,0,1,7
451,2008-08-26,2008-09-01,7.0,0,0,1,7
452,2008-09-02,2008-09-08,7.0,0,0,1,7
453,2008-09-09,2008-09-15,7.0,0,0,1,7
454,2008-09-16,2008-09-22,7.0,0,0,1,7
455,2008-09-23,2008-09-29,7.0,0,0,1,7
456,2008-09-30,2008-10-06,7.0,0,0,1,7
457,2008-10-07,2008-10-13,7.0,0,0,1,7
458,2008-10-14,2008-10-20,7.0,0,0,1,7
459,2008-10-21,2008-10-27,7.0,0,0,1,7
460,2008-10-28,2008-11-03,7.0,0,0,1,7
461,2008-11-04,2008-11-10,7.0,0,0,1,7
462,2008-11-11,2008-11-17,7.0,0,0,1,7
463,2008-11-18,2008-11-24,7.0,0,0,1,7
464,2008-11-25,2008-12-01,7.0,0,0,1,7
465,2008-12-02,2008-12-08,7.0,0,0,1,7
466,2008-12-09,2008-12-15,7.0,0,0,1,7
467,2008-12-16,2008-12-22,7.0,0,0,1,7
468,2008-12-23,2008-12-29,7.0,0,0,1,7
469,2008-12-30,2009-01-05,7.0,0,0,1,7
470,2009-01-06,2009-01-12,7.0,0,0,1,7
471,2009-01-13,2009-01-19,7.0,0,0,1,7
472,2009-01-20,2009-01-26,7.0,0,0,1,7
473,2009-01-27,2009-02-02,7.0,0,0,1,7
474,2009-02-03,2009-02-09,7.0,0,0,1,7
475,2009-02-10,2009-02-16,7.0,0,0,1,7
476,2009-02-17,2009-02-23,7.0,0,0,1,7
477,2009-02-24,2009-03-02,7.0,0,0,1,7
478,2009-03-03,2009-03-09,7.0,0,0,1,7
479,2009-03-10,2009-03-16,7.0,0,0,1,7
480,2009-03-17,2009-03-23,7.0,0,0,1,7
481,2009-03-24,2009-03-30,7.0,0,0,1,7
482,2009-03-31,2009-04-06,7.0,0,0,1,7
483,2009-04-07,2009-04-13,7.0,0,0,1,7
484,2009-04-14,2009-04-20,7.0,0,0,1,7
485,2009-04-21,2009-04-27,7.0,0,0,1,7
486,2009-04-28,2009-05-04,7.0,0,0,1,7
487,2009-05-05,2009-05-11,7.0,0,0,1,7
488,2009-05-12,2009-05-18,7.0,0,0,1,7
489,2009-05-19,2009-05-25,7.0,0,0,1,7
490,2009-05-26,2009-06-01,7.0,0,0,1,7
491,2009-06-02,2009-06-08,7.0,0,0,1,7
492,2009-06-09,2009-06-15,7.0,0,0,1,7
493,2009-06-16,2009-06-22,7.0,0,0,1,7
494,2009-06-23,2009-06-29,7.0,0,0,1,7
495,2009-06-30,2009-07-06,7.0,0,0,1,7
496,2009-07-07,2009-07-13,7.0,0,0,1,7
497,2009-07-14,2009-07-20,7.0,0,0,1,7
498,2009-07-21,2009-07-27,7.0,0,0,1,7
499,2009-07-28,2009-08-03,7.0,0,0,1,7
500,2009-08-04,2009-08-10,7.0,0,0,1,7
501,2009-08-11,2009-08-17,7.0,0,0,1,7
502,2009-08-18,2009-08-24,7.0,0,0,1,7
503,2009-08-25,2009-08-31,7.0,0,0,1,7
504,2009-09-01,2009-09-07,7.0,0,0,1,7
505,2009-09-08,2009-09-14,7.0,0,0,1,7
506,2009-09-15,2009-09-21,7.0,0,0,1,7
507,2009-09-22,2009-09-28,7.0,0,0,1,7
508,2009-09-29,2009-10-05,7.0,0,0,1,7
509,2009-10-06,2009-10-12,7.0,0,0,1,7
510,2009-10-13,2009-10-19,7.0,0,0,1,7
511,2009-10-20,2009-10-26,7.0,0,0,1,7
512,2009-10-27,2009-11-02,7.0,0,0,1,7
513,2009-11-03,2009-11-09,7.0,0,0,1,7
514,2009-11-10,2009-11-16,7.0,0,0,1,7
515,2009-11-17,2009-11-23,7.0,0,0,1,7
516,2009-11-24,2009-11-30,7.0,0,0,1,7
517,2009-12-01,2009-12-07,7.0,0,0,1,7
518,2009-12-08,2009-12-14,7.0,0,0,1,7
519,2009-12-15,2009-12-21,7.0,0,0,1,7
520,2009-12-22,2009-12-28,7.0,0,0,1,7
521,2009-12-29,2010-01-04,7.0,0,0,1,7
522,2010-01-05,2010-01-11,7.0,0,0,1,7
523,2010-01-12,2010-01-18,7.0,0,0,1,7
524,2010-01-19,2010-01-25,7.0,0,0,1,7
525,2010-01-26,2010-02-01,7.0,0,0,1,7
526,2010-02-02,2010-02-08,7.0,0,0,1,7
527,2010-02-09,2010-02-15,7.0,0,0,1,7
528,2010-02-16,2010-02-22,7.0,0,0,1,7
529,2010-02-23,2010-03-01,7.0,0,0,1,7
530,2010-03-02,2010-03-08,7.0,0,0,1,7
531,2010-03-09,2010-03-15,7.0,0,0,1,7
532,2010-03-16,2010-03-22,7.0,0,0,1,7
533,2010-03-23,2010-03-29,7.0,0,0,1,7
534,2010-03-30,2010-04-05,7.0,0,0,1,7
535,2010-04-06,2010-04-12,7.0,0,0,1,7
536,2010-04-13,2010-04-19,7.0,0,0,1,7
537,2010-04-20,2010-04-26,7.0,0,0,1,7
538,2010-04-27,2010-05-03,7.0,0,0,1,7
539,2010-05-04,2010-05-10,7.0,0,0,1,7
540,2010-05-11,2010-05-17,7.0,0,0,1,7
541,2010-05-18,2010-05-24,7.0,0,0,1,7
542,2010-05-25,2010-05-31,7.0,0,0,1,7
543,2010-06-01,2010-06-07,7.0,0,0,1,7
544,2010-06-08,2010-06-14,7.0,0,0,1,7
545,2010-06-15,2010-06-21,7.0,0,0,1,7
546,2010-06-22,2010-06-28,7.0,0,0,1,7
547,2010-06-29,2010-07-05,7.0,0,0,1,7
548,2010-07-06,2010-07-12,7.0,0,0,1,7
549,2010-07-13,2010-07-19,7.0,0,0,1,7
550,2010-07-20,2010-07-26,7.0,0,0,1,7
551,2010-07-27,2010-08-02,7.0,0,0,1,7
552,2010-08-03,2010-08-09,7.0,0,0,1,7
553,2010-08-10,2010-08-16,7.0,0,0,1,7
554,2010-08-17,2010-08-23,7.0,0,0,1,7
555,2010-08-24,2010-08-30,7.0,0,0,1,7
556,2010-08-31,2010-09-06,7.0,0,0,1,7
557,2010-09-07,2010-09-13,7.0,0,0,1,7
558,2010-09-14,2010-09-20,7.0,0,0,1,7
559,2010-09-21,2010-09-27,7.0,0,0,1,7
560,2010-09-28,2010-10-04,7.0,0,0,1,7
561,2010-10-05,2010-10-11,7.0,0,0,1,7
562,2010-10-12,2010-10-18,7.0,0,0,1,7
563,2010-10-19,2010-10-25,7.0,0,0,1,7
564,2010-10-26,2010-11-01,7.0,0,0,1,7
565,2010-11-02,2010-11-08,7.0,0,0,1,7
566,2010-11-09,2010-11-15,7.0,0,0,1,7
567,2010-11-16,2010-11-22,7.0,0,0,1,7
568,2010-11-23,2010-11-29,7.0,0,0,1,7
569,2010-11-30,2010-12-06,7.0,0,0,1,7
570,2010-12-07,2010-12-13,7.0,0,0,1,7
571,2010-12-14,2010-12-20,7.0,0,0,1,7
572,2010-12-21,2010-12-27,7.0,0,0,1,7
573,2010-12-28,2011-01-03,7.0,0,0,1,7
574,2011-01-04,2011-01-10,7.0,0,0,1,7
575,2011-01-11,2011-01-17,7.0,0,0,1,7
576,2011-01-18,2011-01-24,7.0,0,0,1,7
577,2011-01-25,2011-01-31,7.0,0,0,1,7
578,2011-02-01,2011-02-07,7.0,0,0,1,7
579,2011-02-08,2011-02-14,7.0,0,0,1,7
580,2011-02-15,2011-02-21,7.0,0,0,1,7
581,2011-02-22,2011-02-28,7.0,0,0,1,7
582,2011-03-01,2011-03-07,7.0,0,0,1,7
583,2011-03-08,2011-03-14,7.0,0,0,1,7
584,2011-03-15,2011-03-21,7.0,0,0,1,7
585,2011-03-22,2011-03-28,7.0,0,0,1,7
586,2011-03-29,2011-04-04,7.0,0,0,1,7
587,2011-04-05,2011-04-11,7.0,0,0,1,7
588,2011-04-12,2011-04-18,7.0,0,0,1,7
589,2011-04-19,2011-04-25,7.0,0,0,1,7
590,2011-04-26,2011-05-02,7.0,0,0,1,7
591,2011-05-03,2011-05-09,7.0,0,0,1,7
592,2011-05-10,2011-05-16,7.0,0,0,1,7
593,2011-05-17,2011-05-23,7.0,0,0,1,7
594,2011-05-24,2011-05-30,7.0,0,0,1,7
595,2011-05-31,2011-06-06,7.0,0,0,1,7
596,2011-06-07,2011-06-13,7.0,0,0,1,7
597,2011-06-14,2011-06-20,7.0,0,0,1,7
598,2011-06-21,2011-06-27,7.0,0,0,1,7
599,2011-06-28,2011-07-04,7.0,0,0,1,7
600,2011-07-05,2011-07-11,7.0,0,0,1,7
601,2011-07-12,2011-07-18,7.0,0,0,1,7
602,2011-07-19,2011-07-25,7.0,0,0,1,7
603,2011-07-26,2011-08-01,7.0,0,0,1,7
604,2011-08-02,2011-08-08,7.0,0,0,1,7
605,2011-08-09,2011-08-15,7.0,0,0,1,7
606,2011-08-16,2011-08-22,7.0,0,0,1,7
607,2011-08-23,2011-08-29,7.0,0,0,1,7
608,2011-08-30,2011-09-05,7.0,0,0,1,7
609,2011-09-06,2011-09-12,7.0,0,0,1,7
610,2011-09-13,2011-09-19,7.0,0,0,1,7
611,2011-09-20,2011-09-26,7.0,0,0,1,7
612,2011-09-27,2011-10-03,7.0,0,0,1,7
613,2011-10-04,2011-10-10,7.0,0,0,1,7
614,2011-10-11,2011-10-17,7.0,0,0,1,7
615,2011-10-18,2011-10-24,7.0,0,0,1,7
616,2011-10-25,2011-10-31,7.0,0,0,1,7
617,2011-11-01,2011-11-07,7.0,0,0,1,7
618,2011-11-08,2011-11-14,7.0,0,0,1,7
619,2011-11-15,2011-11-21,7.0,0,0,1,7
620,2011-11-22,2011-11-28,7.0,0,0,1,7
621,2011-11-29,2011-12-05,7.0,0,0,1,7
622,2011-12-06,2011-12-12,7.0,0,0,1,7
623,2011-12-13,2011-12-19,7.0,0,0,1,7
624,2011-12-20,2011-12-26,7.0,0,0,1,7
625,2011-12-27,2012-01-02,7.0,0,0,1,7
626,2012-01-03,2012-01-09,7.0,0,0,1,7
627,2012-01-10,2012-01-16,7.0,0,0,1,7
628,2012-01-17,2012-01-23,7.0,0,0,1,7
629,2012-01-24,2012-01-30,7.0,0,0,1,7
630,2012-01-31,2012-02-06,7.0,0,0,1,7
631,2012-02-07,2012-02-13,7.0,0,0,1,7
632,2012-02-14,2012-02-20,7.0,0,0,1,7
633,2012-02-21,2012-02-27,7.0,0,0,1,7
634,2012-02-28,2012-03-05,7.0,0,0,1,7
635,2012-03-06,2012-03-12,7.0,0,0,1,7
636,2012-03-13,2012-03-19,7.0,0,0,1,7
637,2012-03-20,2012-03-26,7.0,0,0,1,7
638,2012-03-27,2012-04-02,7.0,0,0,1,7
639,2012-04-03,2012-04-09,7.0,0,0,1,7
640,2012-04-10,2012-04-16,7.0,0,0,1,7
641,2012-04-17,2012-04-23,7.0,0,0,1,7
642,2012-04-24,2012-04-30,7.0,0,0,1,7
643,2012-05-01,2012-05-07,7.0,0,0,1,7
644,2012-05-08,2012-05-14,7.0,0,0,1,7
645,2012-05-15,2012-05-21,7.0,0,0,1,7
646,2012-05-22,2012-05-28,7.0,0,0,1,7
647,2012-05-29,2012-06-04,7.0,0,0,1,7
648,2012-06-05,2012-06-11,7.0,0,0,1,7
649,2012-06-12,2012-06-18,7.0,0,0,1,7
650,2012-06-19,2012-06-25,7.0,0,0,1,7
651,2012-06-26,2012-07-02,7.0,0,0,1,7
652,2012-07-03,2012-07-09,7.0,0,0,1,7
653,2012-07-10,2012-07-16,7.0,0,0,1,7
654,2012-07-17,2012-07-23,7.0,0,0,1,7
655,2012-07-24,2012-07-30,7.0,0,0,1,7
656,2012-07-31,2012-08-06,7.0,0,0,1,7
657,2012-08-07,2012-08-13,7.0,0,0,1,7
658,2012-08-14,2012-08-20,7.0,0,0,1,7
659,2012-08-21,2012-08-27,7.0,0,0,1,7
660,2012-08-28,2012-09-03,7.0,0,0,1,7
661,2012-09-04,2012-09-10,7.0,0,0,1,7
662,2012-09-11,2012-09-17,7.0,0,0,1,7
663,2012-09-18,2012-09-24,7.0,0,0,1,7
664,2012-09-25,2012-10-01,7.0,0,0,1,7
665,2012-10-02,2012-10-08,7.0,0,0,1,7
666,2012-10-09,2012-10-15,7.0,0,0,1,7
667,2012-10-16,2012-10-22,7.0,0,0,1,7
668,2012-10-23,2012-10-29,7.0,0,0,1,7
669,2012-10-30,2012-11-05,7.0,0,0,1,7
670,2012-11-06,2012-11-12,7.0,0,0,1,7
671,2012-11-13,2012-11-19,7.0,0,0,1,7
672,2012-11-20,2012-11-26,7.0,0,0,1,7
673,2012-11-27,2012-12-03,7.0,0,0,1,7
674,2012-12-04,2012-12-10,7.0,0,0,1,7
675,2012-12-11,2012-12-17,7.0,0,0,1,7
676,2012-12-18,2012-12-24,7.0,0,0,1,7
677,2012-12-25,2012-12-31,7.0,0,0,1,7
678,2013-01-01,2013-01-07,7.0,0,0,1,7
679,2013-01-08,2013-01-14,7.0,0,0,1,7
680,2013-01-15,2013-01-21,7.0,0,0,1,7
681,2013-01-22,2013-01-28,7.0,0,0,1,7
682,2013-01-29,2013-02-04,7.0,0,0,1,7
683,2013-02-05,2013-02-11,7.0,0,0,1,7
684,2013-02-12,2013-02-18,7.0,0,0,1,7
685,2013-02-19,2013-02-25,7.0,0,0,1,7
686,2013-02-26,2013-03-04,7.0,0,0,1,7
687,2013-03-05,2013-03-11,7.0,0,0,1,7
688,2013-03-12,2013-03-18,7.0,0,0,1,7
689,2013-03-19,2013-03-25,7.0,0,0,1,7
690,2013-03-26,2013-04-01,7.0,0,0,1,7
691,2013-04-02,2013-04-08,7.0,0,0,1,7
692,2013-04-09,2013-04-15,7.0,0,0,1,7
693,2013-04-16,2013-04-22,7.0,0,0,1,7
694,2013-04-23,2013-04-29,7.0,0,0,1,7
695,2013-04-30,2013-05-06,7.0,0,0,1,7
696,2013-05-07,2013-05-13,7.0,0,0,1,7
697,2013-05-14,2013-05-20,7.0,0,0,1,7
698,2013-05-21,2013-05-27,7.0,0,0,1,7
699,2013-05-28,2013-06-03,7.0,0,0,1,7
700,2013-06-04,2013-06-10,7.0,0,0,1,7
701,2013-06-11,2013-06-17,7.0,0,0,1,7
702,2013-06-18,2013-06-24,7.0,0,0,1,7
703,2013-06-25,2013-07-01,7.0,0,0,1,7
704,2013-07-02,2013-07-08,7.0,0,0,1,7
705,2013-07-09,2013-07-15,7.0,0,0,1,7
706,2013-07-16,2013-07-22,7.0,0,0,1,7
707,2013-07-23,2013-07-29,7.0,0,0,1,7
708,2013-07-30,2013-08-05,7.0,0,0,1,7
709,2013-08-06,2013-08-12,7.0,0,0,1,7
710,2013-08-13,2013-08-19,7.0,0,0,1,7
711,2013-08-20,2013-08-26,7.0,0,0,1,7
712,2013-08-27,2013-09-02,7.0,0,0,1,7
713,2013-09-03,2013-09-09,7.0,0,0,1,7
714,2013-09-10,2013-09-16,7.0,0,0,1,7
715,2013-09-17,2013-09-23,7.0,0,0,1,7
716,2013-09-24,2013-09-30,7.0,0,0,1,7
717,2013-10-01,2013-10-07,7.0,0,0,1,7
718,2013-10-08,2013-10-14,7.0,0,0,1,7
719,2013-10-15,2013-10-21,7.0,0,0,1,7
720,2013-10-22,2013-10-28,7.0,0,0,1,7
721,2013-10-29,2013-11-04,7.0,0,0,1,7
722,2013-11-05,2013-11-11,7.0,0,0,1,7
723,2013-11-12,2013-11-18,7.0,0,0,1,7
724,2013-11-19,2013-11-25,7.0,0,0,1,7
725,2013-11-26,2013-12-02,7.0,0,0,1,7
726,2013-12-03,2013-12-09,7.0,0,0,1,7
727,2013-12-10,2013-12-16,7.0,0,0,1,7
728,2013-12-17,2013-12-23,7.0,0,0,1,7
729,2013-12-24,2013-12-30,7.0,0,0,1,7
730,2013-12-31,2014-01-06,7.0,0,0,1,7
731,2014-01-07,2014-01-13,7.0,0,0,1,7
732,2014-01-14,2014-01-20,7.0,0,0,1,7
733,2014-01-21,2014-01-27,7.0,0,0,1,7
734,2014-01-28,2014-02-03,7.0,0,0,1,7
735,2014-02-04,2014-02-10,7.0,0,0,1,7
736,2014-02-11,2014-02-17,7.0,0,0,1,7
737,2014-02-18,2014-02-24,7.0,0,0,1,7
738,2014-02-25,2014-03-03,7.0,0,0,1,7
739,2014-03-04,2014-03-10,7.0,0,0,1,7
740,2014-03-11,2014-03-17,7.0,0,0,1,7
741,2014-03-18,2014-03-24,7.0,0,0,1,7
742,2014-03-25,2014-03-31,7.0,0,0,1,7
743,2014-04-01,2014-04-07,7.0,0,0,1,7
744,2014-04-08,2014-04-14,7.0,0,0,1,7
745,2014-04-15,2014-04-21,7.0,0,0,1,7
746,2014-04-22,2014-04-28,7.0,0,0,1,7
747,2014-04-29,2014-05-05,7.0,0,0,1,7
748,2014-05-06,2014-05-12,7.0,0,0,1,7
749,2014-05-13,2014-05-19,7.0,0,0,1,7
750,2014-05-20,2014-05-26,7.0,0,0,1,7
751,2014-05-27,2014-06-02,7.0,0,0,1,7
752,2014-06-03,2014-06-09,7.0,0,0,1,7
753,2014-06-10,2014-06-16,7.0,0,0,1,7
754,2014-06-17,2014-06-23,7.0,0,0,1,7
755,2014-06-24,2014-06-30,7.0,0,0,1,7
756,2014-07-01,2014-07-07,7.0,0,0,1,7
757,2014-07-08,2014-07-14,7.0,0,0,1,7
758,2014-07-15,2014-07-21,7.0,0,0,1,7
759,2014-07-22,2014-07-28,7.0,0,0,1,7
760,2014-07-29,2014-08-04,7.0,0,0,1,7
761,2014-08-05,2014-08-11,7.0,0,0,1,7
762,2014-08-12,2014-08-18,7.0,0,0,1,7
763,2014-08-19,2014-08-25,7.0,0,0,1,7
764,2014-08-26,2014-09-01,7.0,0,0,1,7
765,2014-09-02,2014-09-08,7.0,0,0,1,7
766,2014-09-09,2014-09-15,7.0,0,0,1,7
767,2014-09-16,2014-09-22,7.0,0,0,1,7
768,2014-09-23,2014-09-29,7.0,0,0,1,7
769,2014-09-30,2014-10-06,7.0,0,0,1,7
770,2014-10-07,2014-10-13,7.0,0,0,1,7
771,2014-10-14,2014-10-20,7.0,0,0,1,7
772,2014-10-21,2014-10-27,7.0,0,0,1,7
773,2014-10-28,2014-11-03,7.0,0,0,1,7
774,2014-11-04,2014-11-10,7.0,0,0,1,7
775,2014-11-11,2014-11-17,7.0,0,0,1,7
776,2014-11-18,2014-11-24,7.0,0,0,1,7
777,2014-11-25,2014-12-01,7.0,0,0,1,7
778,2014-12-02,2014-12-08,7.0,0,0,1,7
779,2014-12-09,2014-12-15,7.0,0,0,1,7
780,2014-12-16,2014-12-22,7.0,0,0,1,7
781,2014-12-23,2014-12-29,7.0,0,0,1,7
782,2014-12-30,2015-01-05,7.0,0,0,1,7
783,2015-01-06,2015-01-12,7.0,0,0,1,7
784,2015-01-13,2015-01-19,7.0,0,0,1,7
785,2015-01-20,2015-01-26,7.0,0,0,1,7
786,2015-01-27,2015-02-02,7.0,0,0,1,7
787,2015-02-03,2015-02-09,7.0,0,0,1,7
788,2015-02-10,2015-02-16,7.0,0,0,1,7
789,2015-02-17,2015-02-23,7.0,0,0,1,7
790,2015-02-24,2015-03-02,7.0,0,0,1,7
791,2015-03-03,2015-03-09,7.0,0,0,1,7
792,2015-03-10,2015-03-16,7.0,0,0,1,7
793,2015-03-17,2015-03-23,7.0,0,0,1,7
794,2015-03-24,2015-03-30,7.0,0,0,1,7
795,2015-03-31,2015-04-06,7.0,0,0,1,7
796,2015-04-07,2015-04-13,7.0,0,0,1,7
797,2015-04-14,2015-04-20,7.0,0,0,1,7
798,2015-04-21,2015-04-27,7.0,0,0,1,7
799,2015-04-28,2015-05-04,7.0,0,0,1,7
800,2015-05-05,2015-05-11,7.0,0,0,1,7
801,2015-05-12,2015-05-18,7.0,0,0,1,7
802,2015-05-19,2015-05-25,7.0,0,0,1,7
803,2015-05-26,2015-06-01,7.0,0,0,1,7
804,2015-06-02,2015-06-08,7.0,0,0,1,7
805,2015-06-09,2015-06-15,7.0,0,0,1,7
806,2015-06-16,2015-06-22,7.0,0,0,1,7
807,2015-06-23,2015-06-29,7.0,0,0,1,7
808,2015-06-30,2015-07-06,7.0,0,0,1,7
809,2015-07-07,2015-07-13,7.0,0,0,1,7
810,2015-07-14,2015-07-20,7.0,0,0,1,7
811,2015-07-21,2015-07-27,7.0,0,0,1,7
812,2015-07-28,2015-08-03,7.0,0,0,1,7
813,2015-08-04,2015-08-10,7.0,0,0,1,7
814,2015-08-11,2015-08-17,7.0,0,0,1,7
815,2015-08-18,2015-08-24,7.0,0,0,1,7
816,2015-08-25,2015-08-31,7.0,0,0,1,7
817,2015-09-01,2015-09-07,7.0,0,0,1,7
818,2015-09-08,2015-09-14,7.0,0,0,1,7
819,2015-09-15,2015-09-21,7.0,0,0,1,7
820,2015-09-22,2015-09-28,7.0,0,0,1,7
821,2015-09-29,2015-10-05,7.0,0,0,1,7
822,2015-10-06,2015-10-12,7.0,0,0,1,7
823,2015-10-13,2015-10-19,7.0,0,0,1,7
824,2015-10-20,2015-10-26,7.0,0,0,1,7
825,2015-10-27,2015-11-02,7.0,0,0,1,7
826,2015-11-03,2015-11-09,7.0,0,0,1,7
827,2015-11-10,2015-11-16,7.0,0,0,1,7
828,2015-11-17,2015-11-23,7.0,0,0,1,7
829,2015-11-24,2015-11-30,7.0,0,0,1,7
830,2015-12-01,2015-12-07,7.0,0,0,1,7
831,2015-12-08,2015-12-14,7.0,0,0,1,7
832,2015-12-15,2015-12-21,7.0,0,0,1,7
833,2015-12-22,2015-12-28,7.0,0,0,1,7
834,2015-12-29,2016-01-04,7.0,0,0,1,7
835,2016-01-05,2016-01-11,7.0,0,0,1,7
836,2016-01-12,2016-01-18,7.0,0,0,1,7
837,2016-01-19,2016-01-25,7.0,0,0,1,7
838,2016-01-26,2016-02-01,7.0,0,0,1,7
839,2016-02-02,2016-02-08,7.0,0,0,1,7
840,2016-02-09,2016-02-15,7.0,0,0,1,7
841,2016-02-16,2016-02-22,7.0,0,0,1,7
842,2016-02-23,2016-02-29,7.0,0,0,1,7
843,2016-03-01,2016-03-07,7.0,0,0,1,7
844,2016-03-08,2016-03-14,7.0,0,0,1,7
845,2016-03-15,2016-03-21,7.0,0,0,1,7
846,2016-03-22,2016-03-28,7.0,0,0,1,7
847,2016-03-29,2016-04-04,7.0,0,0,1,7
848,2016-04-05,2016-04-11,7.0,0,0,1,7
849,2016-04-12,2016-04-18,7.0,0,0,1,7
850,2016-04-19,2016-04-25,7.0,0,0,1,7
851,2016-04-26,2016-05-02,7.0,0,0,1,7
852,2016-05-03,2016-05-09,7.0,0,0,1,7
853,2016-05-10,2016-05-16,7.0,0,0,1,7
854,2016-05-17,2016-05-23,7.0,0,0,1,7
855,2016-05-24,2016-05-30,7.0,0,0,1,7
856,2016-05-31,2016-06-06,7.0,0,0,1,7
857,2016-06-07,2016-06-13,7.0,0,0,1,7
858,2016-06-14,2016-06-20,7.0,0,0,1,7
859,2016-06-21,2016-06-27,7.0,0,0,1,7
860,2016-06-28,2016-07-04,7.0,0,0,1,7
861,2016-07-05,2016-07-11,7.0,0,0,1,7
862,2016-07-12,2016-07-18,7.0,0,0,1,7
863,2016-07-19,2016-07-25,7.0,0,0,1,7
864,2016-07-26,2016-08-01,7.0,0,0,1,7
865,2016-08-02,2016-08-08,7.0,0,0,1,7
866,2016-08-09,2016-08-15,7.0,0,0,1,7
867,2016-08-16,2016-08-22,7.0,0,0,1,7
868,2016-08-23,2016-08-29,7.0,0,0,1,7
869,2016-08-30,2016-09-05,7.0,0,0,1,7
870,2016-09-06,2016-09-12,7.0,0,0,1,7
871,2016-09-13,2016-09-19,7.0,0,0,1,7
872,2016-09-20,2016-09-26,7.0,0,0,1,7
873,2016-09-27,2016-10-03,7.0,0,0,1,7
874,2016-10-04,2016-10-10,7.0,0,0,1,7
875,2016-10-11,2016-10-17,7.0,0,0,1,7
876,2016-10-18,2016-10-24,7.0,0,0,1,7
877,2016-10-25,2016-10-31,7.0,0,0,1,7
878,2016-11-01,2016-11-07,7.0,0,0,1,7
879,2016-11-08,2016-11-14,7.0,0,0,1,7
880,2016-11-15,2016-11-21,7.0,0,0,1,7
881,2016-11-22,2016-11-28,7.0,0,0,1,7
882,2016-11-29,2016-12-05,7.0,0,0,1,7
883,2016-12-06,2016-12-12,7.0,0,0,1,7
884,2016-12-13,2016-12-19,7.0,0,0,1,7
885,2016-12-20,2016-12-26,7.0,0,0,1,7
886,2016-12-27,2017-01-02,7.0,0,0,1,7
887,2017-01-03,2017-01-09,7.0,0,0,1,7
888,2017-01-10,2017-01-16,7.0,0,0,1,7
889,2017-01-17,2017-01-23,7.0,0,0,1,7
890,2017-01-24,2017-01-30,7.0,0,0,1,7
891,2017-01-31,2017-02-06,7.0,0,0,1,7
892,2017-02-07,2017-02-13,7.0,0,0,1,7
893,2017-02-14,2017-02-20,7.0,0,0,1,7
894,2017-02-21,2017-02-27,7.0,0,0,1,7
895,2017-02-28,2017-03-06,7.0,0,0,1,7
896,2017-03-07,2017-03-13,7.0,0,0,1,7
897,2017-03-14,2017-03-20,7.0,0,0,1,7
898,2017-03-21,2017-03-27,7.0,0,0,1,7
899,2017-03-28,2017-04-03,7.0,0,0,1,7
900,2017-04-04,2017-04-10,7.0,0,0,1,7
901,2017-04-11,2017-04-17,7.0,0,0,1,7
902,2017-04-18,2017-04-24,7.0,0,0,1,7
903,2017-04-25,2017-05-01,7.0,0,0,1,7
904,2017-05-02,2017-05-08,7.0,0,0,1,7
905,2017-05-09,2017-05-15,7.0,0,0,1,7
906,2017-05-16,2017-05-22,7.0,0,0,1,7
907,2017-05-23,2017-05-29,7.0,0,0,1,7
908,2017-05-30,2017-06-05,7.0,0,0,1,7
909,2017-06-06,2017-06-12,7.0,0,0,1,7
910,2017-06-13,2017-06-19,7.0,0,0,1,7
911,2017-06-20,2017-06-26,7.0,0,0,1,7
912,2017-06-27,2017-07-03,7.0,0,0,1,7
913,2017-07-04,2017-07-10,7.0,0,0,1,7
914,2017-07-11,2017-07-17,7.0,0,0,1,7
915,2017-07-18,2017-07-24,7.0,0,0,1,7
916,2017-07-25,2017-07-31,7.0,0,0,1,7
917,2017-08-01,2017-08-07,7.0,0,0,1,7
918,2017-08-08,2017-08-14,7.0,0,0,1,7
919,2017-08-15,2017-08-21,7.0,0,0,1,7
920,2017-08-22,2017-08-28,7.0,0,0,1,7
921,2017-08-29,2017-09-04,7.0,0,0,1,7
922,2017-09-05,2017-09-11,7.0,0,0,1,7
923,2017-09-12,2017-09-18,7.0,0,0,1,7
924,2017-09-19,2017-09-25,7.0,0,0,1,7
925,2017-09-26,2017-10-02,7.0,0,0,1,7
926,2017-10-03,2017-10-09,7.0,0,0,1,7
927,2017-10-10,2017-10-16,7.0,0,0,1,7
928,2017-10-17,2017-10-23,7.0,0,0,1,7
929,2017-10-24,2017-10-30,7.0,0,0,1,7
930,2017-10-31,2017-11-06,7.0,0,0,1,7
931,2017-11-07,2017-11-13,7.0,0,0,1,7
932,2017-11-14,2017-11-20,7.0,0,0,1,7
933,2017-11-21,2017-11-27,7.0,0,0,1,7
934,2017-11-28,2017-12-04,7.0,0,0,1,7
935,2017-12-05,2017-12-11,7.0,0,0,1,7
936,2017-12-12,2017-12-18,7.0,0,0,1,7
937,2017-12-19,2017-12-25,7.0,0,0,1,7
938,2017-12-26,2018-01-01,7.0,0,0,1,7
939,2018-01-02,2018-01-08,7.0,0,0,1,7
940,2018-01-09,2018-01-15,7.0,0,0,1,7
941,2018-01-16,2018-01-22,7.0,0,0,1,7
942,2018-01-23,2018-01-29,7.0,0,0,1,7
943,2018-01-30,2018-02-05,7.0,0,0,1,7
944,2018-02-06,2018-02-12,7.0,0,0,1,7
945,2018-02-13,2018-02-19,7.0,0,0,1,7
946,2018-02-20,2018-02-26,7.0,0,0,1,7
947,2018-02-27,2018-03-05,7.0,0,0,1,7
948,2018-03-06,2018-03-12,7.0,0,0,1,7
949,2018-03-13,2018-03-19,7.0,0,0,1,7
950,2018-03-20,2018-03-26,7.0,0,0,1,7
951,2018-03-27,2018-04-02,7.0,0,0,1,7
952,2018-04-03,2018-04-09,7.0,0,0,1,7
953,2018-04-10,2018-04-16,7.0,0,0,1,7
954,2018-04-17,2018-04-23,7.0,0,0,1,7
955,2018-04-24,2018-04-30,7.0,0,0,1,7
956,2018-05-01,2018-05-07,7.0,0,0,1,7
957,2018-05-08,2018-05-14,7.0,0,0,1,7
958,2018-05-15,2018-05-21,7.0,0,0,1,7
959,2018-05-22,2018-05-28,7.0,0,0,1,7
960,2018-05-29,2018-06-04,7.0,0,0,1,7
961,2018-06-05,2018-06-11,7.0,0,0,1,7
962,2018-06-12,2018-06-18,7.0,0,0,1,7
963,2018-06-19,2018-06-25,7.0,0,0,1,7
964,2018-06-26,2018-07-02,7.0,0,0,1,7
965,2018-07-03,2018-07-09,7.0,0,0,1,7
966,2018-07-10,2018-07-16,7.0,0,0,1,7
967,2018-07-17,2018-07-23,7.0,0,0,1,7
968,2018-07-24,2018-07-30,7.0,0,0,1,7
969,2018-07-31,2018-08-06,7.0,0,0,1,7
970,2018-08-07,2018-08-13,7.0,0,0,1,7
971,2018-08-14,2018-08-20,7.0,0,0,1,7
972,2018-08-21,2018-08-27,7.0,0,0,1,7
973,2018-08-28,2018-09-03,7.0,0,0,1,7
974,2018-09-04,2018-09-10,7.0,0,0,1,7
975,2018-09-11,2018-09-17,7.0,0,0,1,7
976,2018-09-18,2018-09-24,7.0,0,0,1,7
977,2018-09-25,2018-10-01,7.0,0,0,1,7
978,2018-10-02,2018-10-08,7.0,0,0,1,7
979,2018-10-09,2018-10-15,7.0,0,0,1,7
980,2018-10-16,2018-10-22,7.0,0,0,1,7
981,2018-10-23,2018-10-29,7.0,0,0,1,7
982,2018-10-30,2018-11-05,7.0,0,0,1,7
983,2018-11-06,2018-11-12,7.0,0,0,1,7
984,2018-11-13,2018-11-19,7.0,0,0,1,7
985,2018-11-20,2018-11-26,7.0,0,0,1,7
986,2018-11-27,2018-12-03,7.0,0,0,1,7
987,2018-12-04,2018-12-10,7.0,0,0,1,7
988,2018-12-11,2018-12-17,7.0,0,0,1,7
989,2018-12-18,2018-12-24,7.0,0,0,1,7
990,2018-12-25,2018-12-31,7.0,0,0,1,7
991,2019-01-01,2019-01-07,7.0,0,0,1,7
992,2019-01-08,2019-01-14,7.0,0,0,1,7
993,2019-01-15,2019-01-21,7.0,0,0,1,7
994,2019-01-22,2019-01-28,7.0,0,0,1,7
995,2019-01-29,2019-02-04,7.0,0,0,1,7
996,2019-02-05,2019-02-11,7.0,0,0,1,7
997,2019-02-12,2019-02-18,7.0,0,0,1,7
998,2019-02-19,2019-02-25,7.0,0,0,1,7
999,2019-02-26,2019-03-04,7.0,0,0,1,7
1000,2019-03-05,2019-03-11,7.0,0,0,1,7
1001,2019-03-12,2019-03-18,7.0,0,0,1,7
1002,2019-03-19,2019-03-25,7.0,0,0,1,7
1003,2019-03-26,2019-04-01,7.0,0,0,1,7
1004,2019-04-02,2019-04-08,7.0,0,0,1,7
1005,2019-04-09,2019-04-15,7.0,0,0,1,7
1006,2019-04-16,2019-04-22,7.0,0,0,1,7
1007,2019-04-23,2019-04-29,7.0,0,0,1,7
1008,2019-04-30,2019-05-06,7.0,0,0,1,7
1009,2019-05-07,2019-05-13,7.0,0,0,1,7
1010,2019-05-14,2019-05-20,7.0,0,0,1,7
1011,2019-05-21,2019-05-27,7.0,0,0,1,7
1012,2019-05-28,2019-06-03,7.0,0,0,1,7
1013,2019-06-04,2019-06-10,7.0,0,0,1,7
1014,2019-06-11,2019-06-17,7.0,0,0,1,7
1015,2019-06-18,2019-06-24,7.0,0,0,1,7
1016,2019-06-25,2019-07-01,7.0,0,0,1,7
1017,2019-07-02,2019-07-08,7.0,0,0,1,7
1018,2019-07-09,2019-07-15,7.0,0,0,1,7
1019,2019-07-16,2019-07-22,7.0,0,0,1,7
1020,2019-07-23,2019-07-29,7.0,0,0,1,7
1021,2019-07-30,2019-08-05,7.0,0,0,1,7
1022,2019-08-06,2019-08-12,7.0,0,0,1,7
1023,2019-08-13,2019-08-19,7.0,0,0,1,7
1024,2019-08-20,2019-08-26,7.0,0,0,1,7
1025,2019-08-27,2019-09-02,7.0,0,0,1,7
1026,2019-09-03,2019-09-09,7.0,0,0,1,7
1027,2019-09-10,2019-09-16,7.0,0,0,1,7
1028,2019-09-17,2019-09-23,7.0,0,0,1,7
1029,2019-09-24,2019-09-30,7.0,0,0,1,7
1030,2019-10-01,2019-10-07,7.0,0,0,1,7
1031,2019-10-08,2019-10-14,7.0,0,0,1,7
1032,2019-10-15,2019-10-21,7.0,0,0,1,7
1033,2019-10-22,2019-10-28,7.0,0,0,1,7
1034,2019-10-29,2019-11-04,7.0,0,0,1,7
1035,2019-11-05,2019-11-11,7.0,0,0,1,7
1036,2019-11-12,2019-11-18,7.0,0,0,1,7
1037,2019-11-19,2019-11-25,7.0,0,0,1,7
1038,2019-11-26,2019-12-02,7.0,0,0,1,7
1039,2019-12-03,2019-12-09,7.0,0,0,1,7
1040,2019-12-10,2019-12-16,7.0,0,0,1,7
1041,2019-12-17,2019-12-23,7.0,0,0,1,7
1042,2019-12-24,2019-12-30,7.0,0,0,1,7
1043,2019-12-31,2020-01-06,7.0,0,0,1,7
1044,2020-01-07,2020-01-13,7.0,0,0,1,7
1045,2020-01-14,2020-01-20,7.0,0,0,1,7
1046,2020-01-21,2020-01-27,7.0,0,0,1,7
1047,2020-01-28,2020-02-03,7.0,0,0,1,7
1048,2020-02-04,2020-02-10,7.0,0,0,1,7
1049,2020-02-11,2020-02-17,7.0,0,0,1,7
1050,2020-02-18,2020-02-24,7.0,0,0,1,7
1051,2020-02-25,2020-03-02,7.0,0,0,1,7
1052,2020-03-03,2020-03-09,7.0,0,0,1,7
1053,2020-03-10,2020-03-16,7.0,0,0,1,7
1054,2020-03-17,2020-03-23,7.0,0,0,1,7
1055,2020-03-24,2020-03-30,7.0,0,0,1,7
1056,2020-03-31,2020-04-06,7.0,0,0,1,7
1057,2020-04-07,2020-04-13,7.0,0,0,1,7
1058,2020-04-14,2020-04-20,7.0,0,0,1,7
1059,2020-04-21,2020-04-27,7.0,0,0,1,7
1060,2020-04-28,2020-05-04,7.0,0,0,1,7
1061,2020-05-05,2020-05-11,7.0,0,0,1,7
1062,2020-05-12,2020-05-18,7.0,0,0,1,7
1063,2020-05-19,2020-05-25,7.0,0,0,1,7
1064,2020-05-26,2020-06-01,7.0,0,0,1,7
1065,2020-06-02,2020-06-08,7.0,0,0,1,7
1066,2020-06-09,2020-06-15,7.0,0,0,1,7
1067,2020-06-16,2020-06-22,7.0,0,0,1,7
1068,2020-06-23,2020-06-29,7.0,0,0,1,7
1069,2020-06-30,2020-07-06,7.0,0,0,1,7
1070,2020-07-07,2020-07-13,7.0,0,0,1,7
1071,2020-07-14,2020-07-20,7.0,0,0,1,7
1072,2020-07-21,2020-07-27,7.0,0,0,1,7
1073,2020-07-28,2020-08-03,7.0,0,0,1,7
1074,2020-08-04,2020-08-10,7.0,0,0,1,7
1075,2020-08-11,2020-08-17,7.0,0,0,1,7
1076,2020-08-18,2020-08-24,7.0,0,0,1,7
1077,2020-08-25,2020-08-31,7.0,0,0,1,7
1078,2020-09-01,2020-09-07,7.0,0,0,1,7
1079,2020-09-08,2020-09-14,7.0,0,0,1,7
1080,2020-09-15,2020-09-21,7.0,0,0,1,7
1081,2020-09-22,2020-09-28,7.0,0,0,1,7
1082,2020-09-29,2020-10-05,7.0,0,0,1,7
1083,2020-10-06,2020-10-12,7.0,0,0,1,7
1084,2020-10-13,2020-10-19,7.0,0,0,1,7
1085,2020-10-20,2020-10-26,7.0,0,0,1,7
1086,2020-10-27,2020-11-02,7.0,0,0,1,7
1087,2020-11-03,2020-11-09,7.0,0,0,1,7
1088,2020-11-10,2020-11-16,7.0,0,0,1,7
1089,2020-11-17,2020-11-23,7.0,0,0,1,7
1090,2020-11-24,2020-11-30,7.0,0,0,1,7
1091,2020-12-01,2020-12-07,7.0,0,0,1,7
1092,2020-12-08,2020-12-14,7.0,0,0,1,7
1093,2020-12-15,2020-12-21,7.0,0,0,1,7
1094,2020-12-22,2020-12-28,7.0,0,0,1,7
1095,2020-12-29,2021-01-04,7.0,0,0,1,7
1096,2021-01-05,2021-01-11,7.0,0,0,1,7
1097,2021-01-12,2021-01-18,7.0,0,0,1,7
1098,2021-01-19,2021-01-25,7.0,0,0,1,7
1099,2021-01-26,2021-02-01,7.0,0,0,1,7
1100,2021-02-02,2021-02-08,7.0,0,0,1,7
1101,2021-02-09,2021-02-15,7.0,0,0,1,7
1102,2021-02-16,2021-02-22,7.0,0,0,1,7
1103,2021-02-23,2021-03-01,7.0,0,0,1,7
1104,2021-03-02,2021-03-08,7.0,0,0,1,7
1105,2021-03-09,2021-03-15,7.0,0,0,1,7
1106,2021-03-16,2021-03-22,7.0,0,0,1,7
1107,2021-03-23,2021-03-29,7.0,0,0,1,7
1108,2021-03-30,2021-04-05,7.0,0,0,1,7
1109,2021-04-06,2021-04-12,7.0,0,0,1,7
1110,2021-04-13,2021-04-19,7.0,0,0,1,7
1111,2021-04-20,2021-04-26,7.0,0,0,1,7
1112,2021-04-27,2021-05-03,7.0,0,0,1,7
1113,2021-05-04,2021-05-10,7.0,0,0,1,7
1114,2021-05-11,2021-05-17,7.0,0,0,1,7
1115,2021-05-18,2021-05-24,7.0,0,0,1,7
1116,2021-05-25,2021-05-31,7.0,0,0,1,7
1117,2021-06-01,2021-06-07,7.0,0,0,1,7
1118,2021-06-08,2021-06-14,7.0,0,0,1,7
1119,2021-06-15,2021-06-21,7.0,0,0,1,7
1120,2021-06-22,2021-06-28,7.0,0,0,1,7
1121,2021-06-29,2021-07-05,7.0,0,0,1,7
1122,2021-07-06,2021-07-12,7.0,0,0,1,7
1123,2021-07-13,2021-07-19,7.0,0,0,1,7
1124,2021-07-20,2021-07-26,7.0,0,0,1,7
1125,2021-07-27,2021-08-02,7.0,0,0,1,7
1126,2021-08-03,2021-08-09,7.0,0,0,1,7
1127,2021-08-10,2021-08-16,7.0,0,0,1,7
1128,2021-08-17,2021-08-23,7.0,0,0,1,7
1129,2021-08-24,2021-08-30,7.0,0,0,1,7
1130,2021-08-31,2021-09-06,7.0,0,0,1,7
1131,2021-09-07,2021-09-13,7.0,0,0,1,7
1132,2021-09-14,2021-09-20,7.0,0,0,1,7
1133,2021-09-21,2021-09-27,7.0,0,0,1,7
1134,2021-09-28,2021-10-04,7.0,0,0,1,7
1135,2021-10-05,2021-10-11,7.0,0,0,1,7
1136,2021-10-12,2021-10-18,7.0,0,0,1,7
1137,2021-10-19,2021-10-25,7.0,0,0,1,7
1138,2021-10-26,2021-11-01,7.0,0,0,1,7
1139,2021-11-02,2021-11-08,7.0,0,0,1,7
1140,2021-11-09,2021-11-15,7.0,0,0,1,7
1141,2021-11-16,2021-11-22,7.0,0,0,1,7
1142,2021-11-23,2021-11-29,7.0,0,0,1,7
1143,2021-11-30,2021-12-06,7.0,0,0,1,7
1144,2021-12-07,2021-12-13,7.0,0,0,1,7
1145,2021-12-14,2021-12-20,7.0,0,0,1,7
1146,2021-12-21,2021-12-27,7.0,0,0,1,7
1147,2021-12-28,2022-01-03,7.0,0,0,1,7
1148,2022-01-04,2022-01-10,7.0,0,0,1,7
1149,2022-01-11,2022-01-17,7.0,0,0,1,7
1150,2022-01-18,2022-01-24,7.0,0,0,1,7
1151,2022-01-25,2022-01-31,7.0,0,0,1,7
1152,2022-02-01,2022-02-07,7.0,0,0,1,7
1153,2022-02-08,2022-02-14,7.0,0,0,1,7
1154,2022-02-15,2022-02-21,7.0,0,0,1,7
1155,2022-02-22,2022-02-28,7.0,0,0,1,7
1156,2022-03-01,2022-03-07,7.0,0,0,1,7
1157,2022-03-08,2022-03-14,7.0,0,0,1,7
1158,2022-03-15,2022-03-21,7.0,0,0,1,7
1159,2022-03-22,2022-03-28,7.0,0,0,1,7
1160,2022-03-29,2022-04-04,7.0,0,0,1,7
1161,2022-04-05,2022-04-11,7.0,0,0,1,7
1162,2022-04-12,2022-04-18,7.0,0,0,1,7
1163,2022-04-19,2022-04-25,7.0,0,0,1,7
1164,2022-04-26,2022-05-02,7.0,0,0,1,7
1165,2022-05-03,2022-05-09,7.0,0,0,1,7
1166,2022-05-10,2022-05-16,7.0,0,0,1,7
1167,2022-05-17,2022-05-23,7.0,0,0,1,7
1168,2022-05-24,2022-05-30,7.0,0,0,1,7
1169,2022-05-31,2022-06-06,7.0,0,0,1,7
1170,2022-06-07,2022-06-13,7.0,0,0,1,7
1171,2022-06-14,2022-06-20,7.0,0,0,1,7
1172,2022-06-21,2022-06-27,7.0,0,0,1,7
1173,2022-06-28,2022-07-04,7.0,0,0,1,7
1174,2022-07-05,2022-07-11,7.0,0,0,1,7
1175,2022-07-12,2022-07-18,7.0,0,0,1,7
1176,2022-07-19,2022-07-25,7.0,0,0,1,7
1177,2022-07-26,2022-08-01,7.0,0,0,1,7
1178,2022-08-02,2022-08-08,7.0,0,0,1,7
1179,2022-08-09,2022-08-15,7.0,0,0,1,7
1180,2022-08-16,2022-08-22,7.0,0,0,1,7
1181,2022-08-23,2022-08-29,7.0,0,0,1,7
1182,2022-08-30,2022-09-05,7.0,0,0,1,7
1183,2022-09-06,2022-09-12,7.0,0,0,1,7
1184,2022-09-13,2022-09-19,7.0,0,0,1,7
1185,2022-09-20,2022-09-26,7.0,0,0,1,7
1186,2022-09-27,2022-10-03,7.0,0,0,1,7
1187,2022-10-04,2022-10-10,7.0,0,0,1,7
1188,2022-10-11,2022-10-17,7.0,0,0,1,7
1189,2022-10-18,2022-10-24,7.0,0,0,1,7
1190,2022-10-25,2022-10-31,7.0,0,0,1,7
1191,2022-11-01,2022-11-07,7.0,0,0,1,7
1192,2022-11-08,2022-11-14,7.0,0,0,1,7
1193,2022-11-15,2022-11-21,7.0,0,0,1,7
1194,2022-11-22,2022-11-28,7.0,0,0,1,7
1195,2022-11-29,2022-12-05,7.0,0,0,1,7
1196,2022-12-06,2022-12-12,7.0,0,0,1,7
1197,2022-12-13,2022-12-19,7.0,0,0,1,7
1198,2022-12-20,2022-12-26,7.0,0,0,1,7
1199,2022-12-27,2023-01-02,7.0,0,0,1,7
1200,2023-01-03,2023-01-09,7.0,0,0,1,7
1201,2023-01-10,2023-01-16,7.0,0,0,1,7
1202,2023-01-17,2023-01-23,7.0,0,0,1,7
1203,2023-01-24,2023-01-30,7.0,0,0,1,7
1204,2023-01-31,2023-02-06,7.0,0,0,1,7
1205,2023-02-07,2023-02-13,7.0,0,0,1,7
1206,2023-02-14,2023-02-20,7.0,0,0,1,7
1207,2023-02-21,2023-02-27,7.0,0,0,1,7
1208,2023-02-28,2023-03-06,7.0,0,0,1,7
1209,2023-03-07,2023-03-13,7.0,0,0,1,7
1210,2023-03-14,2023-03-20,7.0,0,0,1,7
1211,2023-03-21,2023-03-27,7.0,0,0,1,7
1212,2023-03-28,2023-04-03,7.0,0,0,1,7
1213,2023-04-04,2023-04-10,7.0,0,0,1,7
1214,2023-04-11,2023-04-17,7.0,0,0,1,7
1215,2023-04-18,2023-04-24,7.0,0,0,1,7
1216,2023-04-25,2023-05-01,7.0,0,0,1,7
1217,2023-05-02,2023-05-08,7.0,0,0,1,7
1218,2023-05-09,2023-05-15,7.0,0,0,1,7
1219,2023-05-16,2023-05-22,7.0,0,0,1,7
1220,2023-05-23,2023-05-29,7.0,0,0,1,7
1221,2023-05-30,2023-06-05,7.0,0,0,1,7
1222,2023-06-06,2023-06-12,7.0,0,0,1,7
1223,2023-06-13,2023-06-19,7.0,0,0,1,7
1224,2023-06-20,2023-06-26,7.0,0,0,1,7
1225,2023-06-27,2023-07-03,7.0,0,0,1,7
1226,2023-07-04,2023-07-10,7.0,0,0,1,7
1227,2023-07-11,2023-07-17,7.0,0,0,1,7
1228,2023-07-18,2023-07-24,7.0,0,0,1,7
1229,2023-07-25,2023-07-31,7.0,0,0,1,7
1230,2023-08-01,2023-08-07,7.0,0,0,1,7
1231,2023-08-08,2023-08-14,7.0,0,0,1,7
1232,2023-08-15,2023-08-21,7.0,0,0,1,7
1233,2023-08-22,2023-08-28,7.0,0,0,1,7
1234,2023-08-29,2023-09-04,7.0,0,0,1,7
1235,2023-09-05,2023-09-11,7.0,0,0,1,7
1236,2023-09-12,2023-09-18,7.0,0,0,1,7
1237,2023-09-19,2023-09-25,7.0,0,0,1,7
1238,2023-09-26,2023-10-02,7.0,0,0,1,7
1239,2023-10-03,2023-10-09,7.0,0,0,1,7
1240,2023-10-10,2023-10-16,7.0,0,0,1,7
1241,2023-10-17,2023-10-23,7.0,0,0,1,7
1242,2023-10-24,2023-10-30,7.0,0,0,1,7
1243,2023-10-31,2023-11-06,7.0,0,0,1,7
1244,2023-11-07,2023-11-13,7.0,0,0,1,7
1245,2023-11-14,2023-11-20,7.0,0,0,1,7
1246,2023-11-21,2023-11-27,7.0,0,0,1,7
1247,2023-11-28,2023-12-04,7.0,0,0,1,7
1248,2023-12-05,2023-12-11,7.0,0,0,1,7
1249,2023-12-12,2023-12-18,7.0,0,0,1,7
1250,2023-12-19,2023-12-25,7.0,0,0,1,7
1251,2023-12-26,2024-01-01,7.0,0,0,1,7
1252,2024-01-02,2024-01-08,7.0,0,0,1,7
1253,2024-01-09,2024-01-15,7.0,0,0,1,7
1254,2024-01-16,2024-01-22,7.0,0,0,1,7
1255,2024-01-23,2024-01-29,7.0,0,0,1,7
1256,2024-01-30,2024-02-05,7.0,0,0,1,7
1257,2024-02-06,2024-02-12,7.0,0,0,1,7
1258,2024-02-13,2024-02-19,7.0,0,0,1,7
1259,2024-02-20,2024-02-26,7.0,0,0,1,7
1260,2024-02-27,2024-03-04,7.0,0,0,1,7
1261,2024-03-05,2024-03-11,7.0,0,0,1,7
1262,2024-03-12,2024-03-18,7.0,0,0,1,7
1263,2024-03-19,2024-03-25,7.0,0,0,1,7
1264,2024-03-26,2024-04-01,7.0,0,0,1,7
1265,2024-04-02,2024-04-08,7.0,0,0,1,7
1266,2024-04-09,2024-04-15,7.0,0,0,1,7
1267,2024-04-16,2024-04-22,7.0,0,0,1,7
1268,2024-04-23,2024-04-29,7.0,0,0,1,7
1269,2024-04-30,2024-05-06,7.0,0,0,1,7
1270,2024-05-07,2024-05-13,7.0,0,0,1,7
1271,2024-05-14,2024-05-20,7.0,0,0,1,7
